sep=	
time (ソース1)	data.0	data.1	data.2	
0	0.5804443359375	0.0234375	24.765625	
0.529	0.56881713867188	0.022265625	25.546875	
1.054	0.5419921875	0.0216796875	25	
1.58	0.61245727539063	0.023828125	25.703125	
2.108	0.5494384765625	0.021875	25.1171875	
2.636	0.59358978271484	0.0236328125	25.1171875	
3.164	0.58868408203125	0.0234375	25.1171875	
3.692	0.59417724609375	0.0234375	25.3515625	
4.219	0.56272888183594	0.022265625	25.2734375	
4.749	0.59467315673828	0.0232421875	25.5859375	
5.276	0.54470062255859	0.0212890625	25.5859375	
5.804	0.590576171875	0.023046875	25.625	
6.332	0.57229614257813	0.022265625	25.703125	
6.86	0.62179565429688	0.0244140625	25.46875	
7.388	0.5528564453125	0.021875	25.2734375	
7.916	0.61871337890625	0.02421875	25.546875	
8.444	0.59820556640625	0.0236328125	25.3125	
8.972	0.59266662597656	0.0236328125	25.078125	
9.5	0.51812744140625	0.0203125	25.5078125	
10.03	0.58697509765625	0.023046875	25.46875	
10.555	0.56124114990234	0.0220703125	25.4296875	
11.083	0.59147644042969	0.023046875	25.6640625	
11.612	0.63873291015625	0.025390625	25.15625	
12.14	0.6055908203125	0.0236328125	25.625	
12.668	0.64264678955078	0.0255859375	25.1171875	
13.195	0.61871337890625	0.02421875	25.546875	
13.724	0.58067321777344	0.023046875	25.1953125	
14.252	0.72681427001953	0.0283203125	25.6640625	
14.78	0.68044281005859	0.0267578125	25.4296875	
15.308	0.67359924316406	0.0263671875	25.546875	
15.835	0.67417144775391	0.0267578125	25.1953125	
16.363	0.70310974121094	0.027734375	25.3515625	
16.892	0.63677215576172	0.0251953125	25.2734375	
17.419	0.66947937011719	0.0263671875	25.390625	
17.947	0.67755126953125	0.0265625	25.5078125	
18.475	0.77618408203125	0.0306640625	25.3125	
19.003	0.81206512451172	0.0318359375	25.5078125	
19.531	1.30288696289063	0.051953125	25.078125	
20.059	1.38707733154297	0.0548828125	25.2734375	
20.588	1.35543823242188	0.052734375	25.703125	
21.119	1.38771057128906	0.055078125	25.1953125	
21.643	1.64907073974609	0.0638671875	25.8203125	
22.168	16.833984375	0.65	25.8984375	
22.695	18.2088088989258	0.7294921875	24.9609375	
23.223	23.8819198608398	0.9138671875	26.1328125	
23.751	26.355712890625	1.028515625	25.625	
24.279	25.0661163330078	0.991796875	25.2734375	
24.807	26.33544921875	1.046875	25.15625	
25.335	25.2896728515625	0.99296875	25.46875	
25.863	25.3966979980469	0.98359375	25.8203125	
26.39	25.2170562744141	0.9931640625	25.390625	
26.92	23.1958312988281	0.9220703125	25.15625	
27.447	23.4585571289063	0.9140625	25.6640625	
27.975	22.7003860473633	0.9009765625	25.1953125	
28.503	22.5814971923828	0.8732421875	25.859375	
29.031	22.0192108154297	0.8619140625	25.546875	
29.556	21.94140625	0.85625	25.625	
30.083	22.0500183105469	0.8552734375	25.78125	
30.611	22.0032806396484	0.8560546875	25.703125	
31.14	21.7605590820313	0.85703125	25.390625	
31.667	21.6043319702148	0.8392578125	25.7421875	
32.197	21.0614624023438	0.826953125	25.46875	
32.723	21.0961303710938	0.82578125	25.546875	
33.251	22.5193023681641	0.8869140625	25.390625	
33.779	20.9591827392578	0.829296875	25.2734375	
34.307	21.6317901611328	0.8416015625	25.703125	
34.835	21.1031799316406	0.81484375	25.8984375	
35.362	20.4230346679688	0.8068359375	25.3125	
35.895	20.6596374511719	0.813671875	25.390625	
36.423	20.7019500732422	0.8103515625	25.546875	
36.952	20.4993591308594	0.8048828125	25.46875	
37.479	20.8766479492188	0.8048828125	25.9375	
38.007	20.246826171875	0.79375	25.5078125	
38.535	20.6436157226563	0.810546875	25.46875	
39.064	20.2767181396484	0.794921875	25.5078125	
39.591	19.8141250610352	0.7888671875	25.1171875	
40.119	20.351448059082	0.7978515625	25.5078125	
40.644	20.0927734375	0.8037109375	25	
41.171	20.2820281982422	0.787890625	25.7421875	
41.698	19.6887588500977	0.7814453125	25.1953125	
42.227	19.7884826660156	0.77578125	25.5078125	
42.757	19.8532485961914	0.7783203125	25.5078125	
43.283	19.7719573974609	0.7787109375	25.390625	
43.811	20.269775390625	0.791015625	25.625	
44.339	19.7892990112305	0.7830078125	25.2734375	
44.867	19.9445495605469	0.78671875	25.3515625	
45.395	19.8446044921875	0.783984375	25.3125	
45.923	19.9166107177734	0.783203125	25.4296875	
46.45	20.1231536865234	0.7876953125	25.546875	
46.978	20.1213073730469	0.7900390625	25.46875	
47.506	22.9097900390625	0.905078125	25.3125	
48.035	20.6869812011719	0.809765625	25.546875	
48.563	20.2667541503906	0.79453125	25.5078125	
49.091	19.0275650024414	0.7482421875	25.4296875	
49.619	18.4016418457031	0.71484375	25.7421875	
50.147	18.0164337158203	0.7095703125	25.390625	
50.677	17.8670654296875	0.705859375	25.3125	
51.203	18.4088592529297	0.7162109375	25.703125	
51.731	18.4249877929688	0.732421875	25.15625	
52.26	18.1732864379883	0.7146484375	25.4296875	
52.787	18.187744140625	0.709765625	25.625	
53.314	17.8504486083984	0.701953125	25.4296875	
53.845	17.8131103515625	0.7015625	25.390625	
54.37	17.7857208251953	0.697265625	25.5078125	
54.898	17.6520156860352	0.6962890625	25.3515625	
55.426	17.641845703125	0.69375	25.4296875	
55.954	17.9340591430664	0.6966796875	25.7421875	
56.482	17.6661529541016	0.692578125	25.5078125	
57.01	17.1678619384766	0.6888671875	24.921875	
57.538	17.5634765625	0.6875	25.546875	
58.066	17.4910125732422	0.6974609375	25.078125	
58.594	17.7352523803711	0.6931640625	25.5859375	
59.122	17.8536148071289	0.6935546875	25.7421875	
59.65	17.7713012695313	0.69140625	25.703125	
60.178	17.6241760253906	0.6919921875	25.46875	
60.706	17.498893737793	0.6923828125	25.2734375	
61.234	18.1123352050781	0.708984375	25.546875	
61.762	18.0888519287109	0.711328125	25.4296875	
62.29	18.1633529663086	0.7142578125	25.4296875	
62.818	19.3175048828125	0.7515625	25.703125	
63.346	18.5482330322266	0.731640625	25.3515625	
63.874	18.2241363525391	0.714453125	25.5078125	
64.402	18.0412292480469	0.710546875	25.390625	
64.932	19.2858047485352	0.7630859375	25.2734375	
65.458	17.8701782226563	0.6984375	25.5859375	
65.986	17.7286376953125	0.69609375	25.46875	
66.516	16.5579223632813	0.658203125	25.15625	
67.042	18.0792617797852	0.7001953125	25.8203125	
67.57	18.1406021118164	0.7177734375	25.2734375	
68.098	19.2683410644531	0.76953125	25.0390625	
68.623	19.443359375	0.777734375	25	
69.15	21.2121658325195	0.8240234375	25.7421875	
69.678	19.3553924560547	0.7623046875	25.390625	
70.206	19.4895858764648	0.7525390625	25.8984375	
70.734	18.6842803955078	0.7404296875	25.234375	
71.262	20.2138900756836	0.7900390625	25.5859375	
71.79	19.2068481445313	0.7587890625	25.3125	
72.318	26.2906265258789	1.0244140625	25.6640625	
72.849	49.5315551757813	1.95078125	25.390625	
73.374	59.6901397705078	2.3654296875	25.234375	
73.902	67.3171997070313	2.744140625	24.53125	
74.43	70.0975570678711	2.7908203125	25.1171875	
74.958	70.0962524414063	2.821484375	24.84375	
75.486	71.2580261230469	2.8326171875	25.15625	
76.016	72.829833984375	2.987890625	24.375	
76.542	73.9053726196289	2.9794921875	24.8046875	
77.07	72.8961181640625	3.034375	24.0234375	
77.598	72.9694976806641	2.979296875	24.4921875	
78.126	76.0884475708008	3.3994140625	22.3828125	
78.654	64.5869064331055	3.8009765625	16.9921875	
79.183	61.9986572265625	3.85234375	16.09375	
79.71	60.6258697509766	3.851171875	15.7421875	
80.237	59.7141647338867	3.8505859375	15.5078125	
80.766	63.4326477050781	3.848046875	16.484375	
81.293	62.3804473876953	3.848046875	16.2109375	
81.821	60.5551528930664	3.8466796875	15.7421875	
82.349	61.5975952148438	3.84609375	16.015625	
82.878	60.3987579345703	3.8462890625	15.703125	
83.406	61.0059356689453	3.8466796875	15.859375	
83.934	63.534553527832	3.8451171875	16.5234375	
84.461	60.2515716552734	3.846484375	15.6640625	
84.99	61.7227478027344	3.84453125	16.0546875	
85.518	61.7697830200195	3.8474609375	16.0546875	
86.043	62.51171875	3.846875	16.25	
86.572	61.7227478027344	3.84453125	16.0546875	
87.097	61.7384262084961	3.8455078125	16.0546875	
87.625	62.0325546264649	3.8451171875	16.1328125	
88.153	63.0839538574219	3.8451171875	16.40625	
88.681	61.2504272460938	3.8431640625	15.9375	
89.209	62.5824508666992	3.8419921875	16.2890625	
89.737	61.2691040039063	3.8443359375	15.9375	
90.263	62.4609375	3.84375	16.25	
90.789	62.1732788085938	3.84453125	16.171875	
91.317	60.6807556152344	3.8451171875	15.78125	
91.845	61.6288757324219	3.848046875	16.015625	
92.373	61.1189346313477	3.8443359375	15.8984375	
92.901	60.7054138183594	3.8466796875	15.78125	
93.429	62.1669616699219	3.844140625	16.171875	
93.957	61.7290191650391	3.844921875	16.0546875	
94.485	62.2017059326172	3.8462890625	16.171875	
95.014	62.9912948608399	3.8486328125	16.3671875	
95.541	61.4348754882813	3.8453125	15.9765625	
96.074	62.3392868041992	3.8455078125	16.2109375	
96.602	60.101318359375	3.846484375	15.625	
97.13	61.2379760742188	3.8423828125	15.9375	
97.66	60.5613021850586	3.8470703125	15.7421875	
98.186	61.6882553100586	3.8423828125	16.0546875	
98.713	61.7603759765625	3.846875	16.0546875	
99.242	61.2691040039063	3.8443359375	15.9375	
99.77	61.5819549560547	3.8451171875	16.015625	
100.297	60.2209777832031	3.84453125	15.6640625	
100.826	62.1448516845703	3.8427734375	16.171875	
101.357	61.700798034668	3.8431640625	16.0546875	
101.881	62.110107421875	3.840625	16.171875	
102.41	61.2379760742188	3.8423828125	15.9375	
102.937	61.5162658691406	3.841015625	16.015625	
103.465	63.4635543823242	3.8408203125	16.5234375	
103.994	60.7444381713867	3.8396484375	15.8203125	
104.522	61.8446350097656	3.8427734375	16.09375	
105.051	61.9915924072266	3.842578125	16.1328125	
105.578	60.8789367675781	3.838671875	15.859375	
106.106	59.8445205688477	3.8396484375	15.5859375	
106.635	61.331901550293	3.8388671875	15.9765625	
107.162	60.1169586181641	3.837890625	15.6640625	
107.69	60.5759582519531	3.8384765625	15.78125	
108.221	61.6537628173828	3.840234375	16.0546875	
108.749	61.9411773681641	3.839453125	16.1328125	
109.275	62.110107421875	3.840625	16.171875	
109.802	62.6942596435547	3.8396484375	16.328125	
110.331	60.5636291503906	3.8376953125	15.78125	
110.858	61.1539306640625	3.837109375	15.9375	
111.386	62.6751251220703	3.8384765625	16.328125	
111.917	61.0288848876953	3.838671875	15.8984375	
112.443	61.4787292480469	3.838671875	16.015625	
112.97	62.6655578613281	3.837890625	16.328125	
113.5	61.1632690429688	3.8376953125	15.9375	
114.026	60.2546081542969	3.837109375	15.703125	
114.555	61.3038177490234	3.837109375	15.9765625	
115.084	61.8750076293945	3.8353515625	16.1328125	
115.609	60.3706741333008	3.8349609375	15.7421875	
116.138	60.2392730712891	3.8361328125	15.703125	
116.665	58.8816375732422	3.835546875	15.3515625	
117.194	61.8970642089844	3.83671875	16.1328125	
117.722	61.1165771484375	3.834765625	15.9375	
118.252	61.90966796875	3.8375	16.1328125	
118.778	61.4756011962891	3.8384765625	16.015625	
119.306	61.7691955566406	3.8380859375	16.09375	
119.837	56.8857192993164	3.8833984375	14.6484375	
120.363	49.3280944824219	3.98359375	12.3828125	
120.89	48.420539855957	3.9857421875	12.1484375	
121.418	49.9505310058594	3.98359375	12.5390625	
121.945	48.7892379760742	3.9904296875	12.2265625	
122.475	48.6619262695313	3.9927734375	12.1875	
123.002	48.2529602050781	3.99765625	12.0703125	
123.529	47.458251953125	3.996484375	11.875	
124.059	46.9715423583984	3.994921875	11.7578125	
124.586	48.539176940918	3.9955078125	12.1484375	
125.114	49.3147277832031	3.9951171875	12.34375	
125.645	48.0545043945313	3.994140625	12.03125	
126.17	47.5771331787109	3.993359375	11.9140625	
126.698	49.0026092529297	3.9951171875	12.265625	
127.226	49.7829055786133	3.9951171875	12.4609375	
127.754	48.3783721923828	3.9951171875	12.109375	
128.283	47.7471313476563	3.99453125	11.953125	
128.808	49.921875	3.99375	12.5	
129.336	47.7658081054688	3.99609375	11.953125	
129.864	48.2105255126953	3.994140625	12.0703125	
130.394	48.5225677490234	3.994140625	12.1484375	
130.919	48.3547210693359	3.9931640625	12.109375	
131.449	48.0263061523438	3.991796875	12.03125	
131.974	46.3382720947266	3.994140625	11.6015625	
132.502	48.5107040405273	3.9931640625	12.1484375	
133.033	48.9738616943359	3.9927734375	12.265625	
133.558	48.1987380981445	3.9931640625	12.0703125	
134.085	47.4281005859375	3.9939453125	11.875	
134.613	51.4617919921875	3.9921875	12.890625	
135.141	49.7415313720703	3.991796875	12.4609375	
135.668	48.9834442138672	3.9935546875	12.265625	
136.197	49.141845703125	3.99375	12.3046875	
136.724	48.3594512939453	3.9935546875	12.109375	
137.253	48.9762573242188	3.99296875	12.265625	
137.78	49.1298294067383	3.9927734375	12.3046875	
138.308	48.664306640625	3.99296875	12.1875	
138.837	47.7191162109375	3.9921875	11.953125	
139.365	48.813117980957	3.9923828125	12.2265625	
139.893	47.8891143798828	3.993359375	11.9921875	
140.421	48.1015014648438	3.998046875	12.03125	
140.948	47.9359588623047	3.997265625	11.9921875	
141.479	46.1191864013672	4.0158203125	11.484375	
142.005	43.0665664672852	4.0384765625	10.6640625	
142.533	44.3417358398438	4.0541015625	10.9375	
143.061	41.9480895996094	4.05234375	10.3515625	
143.59	44.3374633789063	4.0537109375	10.9375	
144.117	42.2606048583984	4.051953125	10.4296875	
144.644	43.1998672485352	4.0509765625	10.6640625	
145.172	41.773681640625	4.05078125	10.3125	
145.7	41.2002563476563	4.056640625	10.15625	
146.228	42.6141052246094	4.05546875	10.5078125	
146.757	41.212158203125	4.0578125	10.15625	
147.284	41.0417938232422	4.056640625	10.1171875	
147.812	42.14697265625	4.05625	10.390625	
148.34	42.1571197509766	4.0572265625	10.390625	
148.868	42.1510314941406	4.056640625	10.390625	
149.397	41.9743728637695	4.0548828125	10.3515625	
149.925	42.644889831543	4.0583984375	10.5078125	
150.452	41.3627014160156	4.05703125	10.1953125	
150.981	42.3217163085938	4.0578125	10.4296875	
151.509	41.2200927734375	4.05859375	10.15625	
152.036	42.1530609130859	4.0568359375	10.390625	
152.567	41.6876831054688	4.0578125	10.2734375	
153.092	42.7993011474609	4.0580078125	10.546875	
153.62	42.4679565429688	4.056640625	10.46875	
154.149	42.1632080078125	4.0578125	10.390625	
154.676	42.0026779174805	4.0576171875	10.3515625	
155.204	42.4863586425781	4.0583984375	10.46875	
155.736	40.7268295288086	4.0568359375	10.0390625	
156.264	43.1121826171875	4.0576171875	10.625	
156.793	41.0299377441406	4.05546875	10.1171875	
157.318	40.583984375	4.0583984375	10	
157.841	40.57421875	4.057421875	10	
158.368	41.2319946289063	4.059765625	10.15625	
158.897	41.0674819946289	4.0591796875	10.1171875	
159.424	44.4036865234375	4.059765625	10.9375	
159.952	39.1572036743164	4.0583984375	9.6484375	
160.48	41.0595779418945	4.0583984375	10.1171875	
161.009	41.8824462890625	4.061328125	10.3125	
161.539	42.2078552246094	4.062109375	10.390625	
162.065	42.6982498168945	4.0634765625	10.5078125	
162.595	40.7974166870117	4.0638671875	10.0390625	
163.122	41.0990982055664	4.0623046875	10.1171875	
163.653	41.8905029296875	4.062109375	10.3125	
164.178	40.2979278564453	4.0615234375	9.921875	
164.705	42.6900405883789	4.0626953125	10.5078125	
165.233	41.1149063110352	4.0638671875	10.1171875	
165.763	41.4204483032227	4.0626953125	10.1953125	
166.289	40.7895736694336	4.0630859375	10.0390625	
166.817	42.0734405517578	4.064453125	10.3515625	
167.345	42.8631591796875	4.0640625	10.546875	
167.873	42.2261199951172	4.0638671875	10.390625	
168.401	42.5333862304688	4.062890625	10.46875	
168.929	41.9368286132813	4.0666015625	10.3125	
169.457	42.2261199951172	4.0638671875	10.390625	
169.985	41.4383697509766	4.064453125	10.1953125	
170.514	42.4072723388672	4.066015625	10.4296875	
171.041	41.9328002929688	4.0662109375	10.3125	
171.569	39.5369567871094	4.06484375	9.7265625	
172.097	41.5871429443359	4.0634765625	10.234375	
172.625	41.6131286621094	4.066015625	10.234375	
173.153	43.1910400390625	4.0650390625	10.625	
173.68	41.7699508666992	4.0658203125	10.2734375	
174.21	41.9046020507813	4.0634765625	10.3125	
174.737	42.3644943237305	4.0619140625	10.4296875	
175.264	41.2855529785156	4.0650390625	10.15625	
175.792	43.0177764892578	4.063671875	10.5859375	
176.32	42.8610992431641	4.0638671875	10.546875	
176.848	41.7418594360352	4.0630859375	10.2734375	
177.376	41.5791473388672	4.0626953125	10.234375	
177.904	43.4835357666016	4.0626953125	10.703125	
178.432	42.8693389892578	4.0646484375	10.546875	
178.96	42.071418762207	4.0642578125	10.3515625	
179.485	40.6328125	4.06328125	10	
180.012	43.1619873046875	4.0623046875	10.625	
180.54	41.8965454101563	4.0626953125	10.3125	
181.068	40.9522247314453	4.0634765625	10.078125	
181.596	42.0633316040039	4.0634765625	10.3515625	
182.124	42.5701904296875	4.06640625	10.46875	
182.653	41.9207153320313	4.0650390625	10.3125	
183.18	41.7799835205078	4.066796875	10.2734375	
183.708	39.5209045410156	4.09609375	9.6484375	
184.236	34.5101776123047	4.1283203125	8.359375	
184.764	33.2640838623047	4.1337890625	8.046875	
185.294	32.6437911987305	4.1576171875	7.8515625	
185.843	32.6345901489258	4.1564453125	7.8515625	
186.348	30.5181579589844	4.1556640625	7.34375	
186.875	31.22021484375	4.1626953125	7.5	
187.404	31.4328842163086	4.1693359375	7.5390625	
187.932	27.8811721801758	4.1740234375	6.6796875	
188.46	28.6428451538086	4.1900390625	6.8359375	
188.987	26.8574523925781	4.1923828125	6.40625	
189.516	26.263427734375	4.2021484375	6.25	
190.044	24.3162536621094	4.2060546875	5.78125	
190.572	25.6354064941406	4.2068359375	6.09375	
191.101	24.3004455566406	4.2033203125	5.78125	
191.628	24.98388671875	4.2078125	5.9375	
192.156	25.467529296875	4.20625	6.0546875	
192.683	23.6524658203125	4.2048828125	5.625	
193.211	24.3139953613281	4.2056640625	5.78125	
193.739	24.1463470458984	4.205078125	5.7421875	
194.267	26.6238555908203	4.2072265625	6.328125	
194.795	25.7877578735352	4.2048828125	6.1328125	
195.324	27.5971069335938	4.2052734375	6.5625	
195.851	24.8114547729492	4.2064453125	5.8984375	
196.382	27.448127746582	4.2076171875	6.5234375	
196.908	23.3607940673828	4.2115234375	5.546875	
197.435	25.6556396484375	4.21015625	6.09375	
197.963	24.0077056884766	4.2095703125	5.703125	
198.491	24.664306640625	4.209375	5.859375	
199.019	23.8454818725586	4.2099609375	5.6640625	
199.547	25.1622619628906	4.21015625	5.9765625	
200.076	25.3137969970703	4.2080078125	6.015625	
200.603	23.5143966674805	4.2095703125	5.5859375	
201.131	23.8377380371094	4.20859375	5.6640625	
201.66	23.6722412109375	4.2083984375	5.625	
202.187	24.8218231201172	4.208203125	5.8984375	
202.715	25.8009338378906	4.20703125	6.1328125	
203.244	25.1517562866211	4.2083984375	5.9765625	
203.771	25.4781723022461	4.2080078125	6.0546875	
204.299	26.309814453125	4.2095703125	6.25	
204.829	24.1598052978516	4.207421875	5.7421875	
205.355	25.8224945068359	4.210546875	6.1328125	
205.883	23.3445434570313	4.20859375	5.546875	
206.411	24.6517181396484	4.2072265625	5.859375	
206.939	24.6551513671875	4.2078125	5.859375	
207.469	24.1485900878906	4.20546875	5.7421875	
207.995	24.979248046875	4.20703125	5.9375	
208.523	24.326416015625	4.2078125	5.78125	
209.051	23.8421630859375	4.209375	5.6640625	
209.579	25.7925491333008	4.2056640625	6.1328125	
210.107	24.9896850585938	4.2087890625	5.9375	
210.635	24.9757690429688	4.2064453125	5.9375	
211.163	24.8183670043945	4.2076171875	5.8984375	
211.691	24.6437072753906	4.205859375	5.859375	
212.219	24.8172149658203	4.207421875	5.8984375	
212.747	24.1575622558594	4.20703125	5.7421875	
213.275	23.9865417480469	4.205859375	5.703125	
213.804	25.4687118530273	4.2064453125	6.0546875	
214.331	23.9932250976563	4.20703125	5.703125	
214.859	22.8365020751953	4.205859375	5.4296875	
215.388	25.1272430419922	4.204296875	5.9765625	
215.92	24.308349609375	4.2046875	5.78125	
216.447	25.1377487182617	4.2060546875	5.9765625	
216.976	26.7707901000977	4.2044921875	6.3671875	
217.503	24.3106079101563	4.205078125	5.78125	
218.031	24.1452255249023	4.2048828125	5.7421875	
218.563	24.1541976928711	4.2064453125	5.7421875	
219.087	24.799934387207	4.2044921875	5.8984375	
219.615	23.4762115478516	4.202734375	5.5859375	
220.143	26.4459991455078	4.205078125	6.2890625	
220.671	25.467529296875	4.20625	6.0546875	
221.199	24.4657745361328	4.203515625	5.8203125	
221.727	26.7683029174805	4.2041015625	6.3671875	
222.255	25.2867736816406	4.203515625	6.015625	
222.784	25.1272430419922	4.204296875	5.9765625	
223.311	25.4687118530273	4.2064453125	6.0546875	
223.839	25.1599273681641	4.209765625	5.9765625	
224.367	23.0477905273438	4.214453125	5.46875	
224.896	22.7206420898438	4.21484375	5.390625	
225.424	23.6986083984375	4.2130859375	5.625	
225.952	23.0488586425781	4.2146484375	5.46875	
226.48	21.9380187988281	4.22265625	5.1953125	
227.01	21.4451599121094	4.223046875	5.078125	
227.538	21.5991287231445	4.2208984375	5.1171875	
228.066	21.9319305419922	4.221484375	5.1953125	
228.593	22.1039886474609	4.2228515625	5.234375	
229.121	19.0066909790039	4.2310546875	4.4921875	
229.652	21.9836807250977	4.2314453125	5.1953125	
230.177	21.8032836914063	4.228515625	5.15625	
230.705	21.4759063720703	4.2291015625	5.078125	
231.232	19.9900360107422	4.229296875	4.7265625	
231.761	20.1617584228516	4.2306640625	4.765625	
232.29	20.8295288085938	4.23203125	4.921875	
232.816	19.0347671508789	4.2373046875	4.4921875	
233.345	19.6823196411133	4.2341796875	4.6484375	
233.873	21.3422012329102	4.2353515625	5.0390625	
234.397	18.8701171875	4.2375	4.453125	
234.926	18.5433349609375	4.2384765625	4.375	
235.45	21.1904296875	4.2380859375	5	
235.978	19.5412292480469	4.239453125	4.609375	
236.504	21.3756637573242	4.2419921875	5.0390625	
237.032	19.3881225585938	4.2421875	4.5703125	
237.56	20.0638885498047	4.244921875	4.7265625	
238.088	19.7258987426758	4.2435546875	4.6484375	
238.616	20.0537338256836	4.2427734375	4.7265625	
239.145	18.4099502563477	4.2458984375	4.3359375	
239.669	19.9072265625	4.246875	4.6875	
240.197	18.2474517822266	4.2466796875	4.296875	
240.727	18.2306671142578	4.2427734375	4.296875	
241.251	18.0765762329102	4.2455078125	4.2578125	
241.779	19.2480773925781	4.2478515625	4.53125	
242.307	20.9006652832031	4.246484375	4.921875	
242.835	17.249755859375	4.24609375	4.0625	
243.363	17.2426147460938	4.2443359375	4.0625	
243.891	17.4092102050781	4.24453125	4.1015625	
244.417	17.2529296875	4.246875	4.0625	
244.943	18.4074096679688	4.2453125	4.3359375	
245.471	17.2553100585938	4.2474609375	4.0625	
246	19.4006195068359	4.244921875	4.5703125	
246.528	19.2427673339844	4.2466796875	4.53125	
247.056	19.7277145385742	4.2439453125	4.6484375	
247.583	19.5619354248047	4.2439453125	4.609375	
248.111	18.56982421875	4.24453125	4.375	
248.639	18.2432556152344	4.245703125	4.296875	
249.167	17.24658203125	4.2453125	4.0625	
249.695	18.5792236328125	4.2466796875	4.375	
250.224	17.7497940063477	4.2466796875	4.1796875	
250.751	17.424430847168	4.2482421875	4.1015625	
251.279	17.4228286743164	4.2478515625	4.1015625	
251.809	17.4260330200195	4.2486328125	4.1015625	
252.335	18.4218063354492	4.2486328125	4.3359375	
252.863	17.9329833984375	4.25078125	4.21875	
253.392	18.4251937866211	4.2494140625	4.3359375	
253.919	16.7544784545898	4.2466796875	3.9453125	
254.448	18.9231719970703	4.2494140625	4.453125	
254.973	15.439453125	4.25	3.6328125	
255.496	18.26171875	4.25	4.296875	
256.023	16.769889831543	4.2505859375	3.9453125	
256.551	15.6097717285156	4.251171875	3.671875	
257.08	18.0948715209961	4.2498046875	4.2578125	
257.607	16.2702789306641	4.2501953125	3.828125	
258.135	17.7685699462891	4.251171875	4.1796875	
258.664	18.6048583984375	4.2525390625	4.375	
259.191	16.4378128051758	4.2505859375	3.8671875	
259.719	16.6046142578125	4.25078125	3.90625	
260.248	17.7628555297852	4.2498046875	4.1796875	
260.775	15.947021484375	4.2525390625	3.75	
261.299	18.6005859375	4.2515625	4.375	
261.826	16.1094360351563	4.2515625	3.7890625	
262.354	15.6112060546875	4.2515625	3.671875	
262.885	17.1027526855469	4.25078125	4.0234375	
263.41	16.7683486938477	4.2501953125	3.9453125	
263.938	18.0998611450195	4.2509765625	4.2578125	
264.466	18.4378967285156	4.25234375	4.3359375	
264.994	17.0972518920898	4.2494140625	4.0234375	
265.519	16.93359375	4.25	3.984375	
266.046	16.4340362548828	4.249609375	3.8671875	
266.575	16.7722015380859	4.251171875	3.9453125	
267.104	19.9346923828125	4.252734375	4.6875	
267.63	16.2762603759766	4.2517578125	3.828125	
268.158	16.6191101074219	4.2544921875	3.90625	
268.686	14.9503326416016	4.2525390625	3.515625	
269.214	16.1308975219727	4.2572265625	3.7890625	
269.742	15.131721496582	4.2568359375	3.5546875	
270.271	17.2886352539063	4.2556640625	4.0625	
270.798	16.4468765258789	4.2529296875	3.8671875	
271.327	17.2830810546875	4.254296875	4.0625	
271.854	17.2767333984375	4.252734375	4.0625	
272.383	16.1190567016602	4.2541015625	3.7890625	
272.91	16.4461212158203	4.252734375	3.8671875	
273.438	16.9553833007813	4.25546875	3.984375	
273.969	15.7816314697266	4.252734375	3.7109375	
274.491	15.94921875	4.253125	3.75	
275.021	15.7787322998047	4.251953125	3.7109375	
275.546	15.616943359375	4.253125	3.671875	
276.078	15.7801818847656	4.25234375	3.7109375	
276.606	15.4529342651367	4.2537109375	3.6328125	
277.134	15.2923889160156	4.2552734375	3.59375	
277.662	14.62548828125	4.2546875	3.4375	
278.191	14.4559707641602	4.2537109375	3.3984375	
278.719	14.9578857421875	4.2546875	3.515625	
279.246	15.1233901977539	4.2544921875	3.5546875	
279.775	14.7930450439453	4.255078125	3.4765625	
280.303	16.2897186279297	4.2552734375	3.828125	
280.83	14.1262435913086	4.2544921875	3.3203125	
281.358	15.2973022460938	4.256640625	3.59375	
281.887	15.4607391357422	4.255859375	3.6328125	
282.415	16.2844848632813	4.25390625	3.828125	
282.942	15.8033752441406	4.25859375	3.7109375	
283.472	15.1247787475586	4.2548828125	3.5546875	
283.999	15.1324157714844	4.25703125	3.5546875	
284.526	14.8073043823242	4.2591796875	3.4765625	
285.057	14.1456985473633	4.2603515625	3.3203125	
285.583	14.3206481933594	4.262890625	3.359375	
286.11	16.3143920898438	4.26171875	3.828125	
286.638	14.4865036010742	4.2626953125	3.3984375	
287.166	14.6510009765625	4.262109375	3.4375	
287.694	14.4845123291016	4.262109375	3.3984375	
288.222	14.9832916259766	4.2619140625	3.515625	
288.75	15.6499328613281	4.262109375	3.671875	
289.278	12.8190383911133	4.2619140625	3.0078125	
289.806	13.1495895385742	4.2611328125	3.0859375	
290.334	15.3099365234375	4.26015625	3.59375	
290.863	13.333740234375	4.266796875	3.125	
291.39	15.6649932861328	4.2662109375	3.671875	
291.918	16.5057907104492	4.2681640625	3.8671875	
292.446	15.6714477539063	4.26796875	3.671875	
292.974	14.840576171875	4.26875	3.4765625	
293.502	14.840576171875	4.26875	3.4765625	
294.03	13.3465576171875	4.2708984375	3.125	
294.555	14.361328125	4.275	3.359375	
295.082	12.5329971313477	4.2779296875	2.9296875	
295.61	13.7077484130859	4.2794921875	3.203125	
296.14	11.2053451538086	4.2814453125	2.6171875	
296.666	11.2058563232422	4.281640625	2.6171875	
297.194	14.0549011230469	4.2833984375	3.28125	
297.723	11.0431365966797	4.2833984375	2.578125	
298.25	13.5585021972656	4.28515625	3.1640625	
298.778	11.3871154785156	4.2869140625	2.65625	
299.306	13.2213134765625	4.284375	3.0859375	
299.834	11.5487823486328	4.284765625	2.6953125	
300.361	12.7250366210938	4.286328125	2.96875	
300.89	12.2199478149414	4.2853515625	2.8515625	
301.42	11.8851547241211	4.2853515625	2.7734375	
301.946	13.7283935546875	4.2859375	3.203125	
302.474	11.3793334960938	4.283984375	2.65625	
303.001	12.7227172851563	4.285546875	2.96875	
303.529	13.2273406982422	4.286328125	3.0859375	
304.057	12.05419921875	4.2859375	2.8125	
304.585	12.7203979492188	4.284765625	2.96875	
305.113	13.2207107543945	4.2841796875	3.0859375	
305.641	12.0509033203125	4.284765625	2.8125	
306.169	12.7169189453125	4.28359375	2.96875	
306.697	10.70849609375	4.2833984375	2.5	
307.228	12.8848342895508	4.2837890625	3.0078125	
307.753	11.5524673461914	4.2861328125	2.6953125	
308.281	10.376220703125	4.284375	2.421875	
308.81	15.0670623779297	4.2857421875	3.515625	
309.338	11.2109680175781	4.28359375	2.6171875	
309.865	13.380126953125	4.281640625	3.125	
310.393	12.7180786132813	4.283984375	2.96875	
310.921	11.8835296630859	4.284765625	2.7734375	
311.449	11.5424652099609	4.282421875	2.6953125	
311.978	12.3805694580078	4.2830078125	2.890625	
312.505	11.5482559204102	4.2845703125	2.6953125	
313.033	12.7151794433594	4.2830078125	2.96875	
313.561	10.8782958984375	4.284375	2.5390625	
314.089	13.0515747070313	4.28359375	3.046875	
314.617	13.7152557373047	4.2818359375	3.203125	
315.146	13.3856201171875	4.2833984375	3.125	
315.673	10.8782958984375	4.284375	2.5390625	
316.201	10.5464630126953	4.285546875	2.4609375	
316.729	12.221061706543	4.2857421875	2.8515625	
317.257	12.5490188598633	4.2833984375	2.9296875	
317.785	15.2254486083984	4.283203125	3.5546875	
318.317	12.8871841430664	4.2845703125	3.0078125	
318.841	13.5572662353516	4.284765625	3.1640625	
319.369	11.3840026855469	4.2857421875	2.65625	
319.897	12.384521484375	4.284375	2.890625	
320.425	12.889533996582	4.2853515625	3.0078125	
320.953	13.0599060058594	4.286328125	3.046875	
321.481	12.2193908691406	4.28515625	2.8515625	
322.009	11.5535202026367	4.2865234375	2.6953125	
322.537	12.2199478149414	4.2853515625	2.8515625	
323.065	12.3907318115234	4.2865234375	2.890625	
323.593	11.7247009277344	4.287890625	2.734375	
324.121	13.8920135498047	4.284765625	3.2421875	
324.649	12.5558853149414	4.2857421875	2.9296875	
325.177	13.8996124267578	4.287109375	3.2421875	
325.705	13.3953857421875	4.2865234375	3.125	
326.233	12.8912963867188	4.2859375	3.0078125	
326.761	11.5535202026367	4.2865234375	2.6953125	
327.289	13.39599609375	4.28671875	3.125	
327.817	11.7230987548828	4.2873046875	2.734375	
328.345	11.22119140625	4.2875	2.6171875	
328.873	10.3861541748047	4.2884765625	2.421875	
329.403	12.5690460205078	4.290234375	2.9296875	
329.929	11.0547180175781	4.287890625	2.578125	
330.457	11.5624694824219	4.28984375	2.6953125	
330.985	12.9001083374023	4.2888671875	3.0078125	
331.513	12.3929901123047	4.2873046875	2.890625	
332.041	11.2222137451172	4.287890625	2.6171875	
332.568	11.5566787719727	4.2876953125	2.6953125	
333.097	11.7230987548828	4.2873046875	2.734375	
333.625	12.89599609375	4.2875	3.0078125	
334.15	12.05859375	4.2875	2.8125	
334.674	10.72265625	4.2890625	2.5	
335.2	11.8916549682617	4.2876953125	2.7734375	
335.733	9.38446044921875	4.2900390625	2.1875	
336.261	11.0587463378906	4.289453125	2.578125	
336.789	11.0552215576172	4.2880859375	2.578125	
337.317	10.8872222900391	4.287890625	2.5390625	
337.845	10.0520324707031	4.2888671875	2.34375	
338.373	12.0646362304688	4.2896484375	2.8125	
338.901	10.8921813964844	4.28984375	2.5390625	
339.429	11.8959884643555	4.2892578125	2.7734375	
339.957	11.2252807617188	4.2890625	2.6171875	
340.488	11.392822265625	4.2890625	2.65625	
341.013	11.8927383422852	4.2880859375	2.7734375	
341.541	10.0556945800781	4.2904296875	2.34375	
342.069	9.55682373046875	4.2921875	2.2265625	
342.597	11.5672073364258	4.2916015625	2.6953125	
343.125	10.2279434204102	4.2923828125	2.3828125	
343.654	11.4109802246094	4.2958984375	2.65625	
344.181	8.38890075683594	4.2951171875	1.953125	
344.709	9.73333740234375	4.29609375	2.265625	
345.237	10.2353897094727	4.2955078125	2.3828125	
345.766	10.2339935302734	4.294921875	2.3828125	
346.293	10.574821472168	4.2970703125	2.4609375	
346.821	10.0749206542969	4.2986328125	2.34375	
347.349	11.4192810058594	4.2990234375	2.65625	
347.877	10.4116973876953	4.2990234375	2.421875	
348.405	10.2456283569336	4.2998046875	2.3828125	
348.933	9.74307250976563	4.300390625	2.265625	
349.462	8.90517425537109	4.3013671875	2.0703125	
349.99	9.24415588378906	4.302734375	2.1484375	
350.517	8.56951904296875	4.3015625	1.9921875	
351.046	7.39767456054688	4.3041015625	1.71875	
351.576	8.40835571289063	4.305078125	1.953125	
352.101	7.90206146240234	4.3041015625	1.8359375	
352.629	8.0775146484375	4.3080078125	1.875	
353.157	8.91609191894531	4.306640625	2.0703125	
353.685	8.74945068359375	4.307421875	2.03125	
354.213	5.72286987304688	4.308984375	1.328125	
354.742	7.91568756103516	4.3115234375	1.8359375	
355.27	9.26555633544922	4.3126953125	2.1484375	
355.797	8.0892333984375	4.3142578125	1.875	
356.325	7.24824523925781	4.315234375	1.6796875	
356.854	7.9232177734375	4.315625	1.8359375	
357.381	6.57518005371094	4.316015625	1.5234375	
357.91	5.56411743164063	4.31640625	1.2890625	
358.438	10.2809982299805	4.3146484375	2.3828125	
358.965	8.5975341796875	4.315625	1.9921875	
359.491	8.7724609375	4.31875	2.03125	
360.017	7.25119781494141	4.3169921875	1.6796875	
360.545	9.10203552246094	4.3150390625	2.109375	
361.074	8.59909057617188	4.31640625	1.9921875	
361.603	6.74407958984375	4.3162109375	1.5625	
362.129	10.6195220947266	4.315234375	2.4609375	
362.662	10.2851867675781	4.31640625	2.3828125	
363.188	7.4188232421875	4.31640625	1.71875	
363.714	8.26523590087891	4.3181640625	1.9140625	
364.243	8.59909057617188	4.31640625	1.9921875	
364.769	6.40745544433594	4.3166015625	1.484375	
365.297	6.746826171875	4.31796875	1.5625	
365.826	7.41915893554688	4.3166015625	1.71875	
366.352	7.42050170898438	4.3173828125	1.71875	
366.88	7.25185394287109	4.3173828125	1.6796875	
367.408	8.42971801757813	4.316015625	1.953125	
367.937	9.10409545898438	4.316015625	2.109375	
368.466	6.57607269287109	4.3166015625	1.5234375	
368.993	8.77008056640625	4.317578125	2.03125	
369.518	8.0888671875	4.3140625	1.875	
370.045	9.44512939453125	4.3177734375	2.1875	
370.573	7.75849914550781	4.3177734375	1.796875	
371.102	9.27730560302734	4.3181640625	2.1484375	
371.626	6.748046875	4.31875	1.5625	
372.153	7.93074798583984	4.3197265625	1.8359375	
372.681	9.45111083984375	4.3205078125	2.1875	
373.21	7.93361663818359	4.3212890625	1.8359375	
373.74	8.099853515625	4.319921875	1.875	
374.264	7.08705139160156	4.3197265625	1.640625	
374.792	8.27495574951172	4.3232421875	1.9140625	
375.344	6.24448394775391	4.3205078125	1.4453125	
375.848	8.27420806884766	4.3228515625	1.9140625	
376.376	6.24674224853516	4.3220703125	1.4453125	
376.905	8.441162109375	4.321875	1.953125	
377.432	7.76376342773438	4.320703125	1.796875	
377.96	8.27196502685547	4.3216796875	1.9140625	
378.489	7.59361267089844	4.319921875	1.7578125	
379.016	7.42721557617188	4.3212890625	1.71875	
379.544	6.7498779296875	4.319921875	1.5625	
380.072	7.76060485839844	4.3189453125	1.796875	
380.6	6.92269134521484	4.3224609375	1.6015625	
381.128	7.42654418945313	4.3208984375	1.71875	
381.657	7.76376342773438	4.320703125	1.796875	
382.184	7.25743103027344	4.320703125	1.6796875	
382.712	8.26897430419922	4.3201171875	1.9140625	
383.24	8.94722747802734	4.3216796875	2.0703125	
383.768	6.58172607421875	4.3203125	1.5234375	
384.296	7.08480834960938	4.318359375	1.640625	
384.826	8.43582153320313	4.319140625	1.953125	
385.349	8.7724609375	4.31875	2.03125	
385.876	6.24081420898438	4.31796875	1.4453125	
386.404	8.60609436035156	4.319921875	1.9921875	
386.932	8.441162109375	4.321875	1.953125	
387.461	6.92269134521484	4.3224609375	1.6015625	
387.988	8.60881805419922	4.3212890625	1.9921875	
388.516	7.42855834960938	4.3220703125	1.71875	
389.044	7.76727294921875	4.32265625	1.796875	
389.572	4.7313232421875	4.32578125	1.09375	
390.101	9.12469482421875	4.32578125	2.109375	
390.628	6.59273529052734	4.3275390625	1.5234375	
391.156	7.777099609375	4.328125	1.796875	
391.685	5.74855041503906	4.3283203125	1.328125	
392.212	9.13046264648438	4.328515625	2.109375	
392.74	7.60700225830078	4.3275390625	1.7578125	
393.268	5.91976165771484	4.3298828125	1.3671875	
393.796	7.1033935546875	4.3296875	1.640625	
394.323	6.25408172607422	4.3271484375	1.4453125	
394.851	7.4403076171875	4.32890625	1.71875	
395.379	7.27449035644531	4.330859375	1.6796875	
395.914	8.1163330078125	4.3287109375	1.875	
396.44	7.60974884033203	4.3291015625	1.7578125	
396.968	7.94760131835938	4.32890625	1.8359375	
397.496	5.23896026611328	4.3263671875	1.2109375	
398.024	7.77745056152344	4.3283203125	1.796875	
398.552	6.08615112304688	4.3279296875	1.40625	
399.08	7.10275268554688	4.329296875	1.640625	
399.608	6.42861938476563	4.330859375	1.484375	
400.136	6.76055908203125	4.3267578125	1.5625	
400.665	7.44097900390625	4.329296875	1.71875	
401.192	7.10499572753906	4.3306640625	1.640625	
401.72	8.62321472167969	4.328515625	1.9921875	
402.248	6.42658996582031	4.3294921875	1.484375	
402.776	8.1192626953125	4.3302734375	1.875	
403.304	6.08670043945313	4.3283203125	1.40625	
403.832	5.92296600341797	4.3322265625	1.3671875	
404.36	6.59809112548828	4.3310546875	1.5234375	
404.888	6.09027099609375	4.330859375	1.40625	
405.416	7.10723876953125	4.33203125	1.640625	
405.944	6.0919189453125	4.33203125	1.40625	
406.473	6.0919189453125	4.33203125	1.40625	
407.004	6.26283264160156	4.333203125	1.4453125	
407.528	8.29215240478516	4.3322265625	1.9140625	
408.055	6.77001953125	4.3328125	1.5625	
408.584	6.77276611328125	4.3345703125	1.5625	
409.112	5.75685119628906	4.3345703125	1.328125	
409.64	6.60404205322266	4.3349609375	1.5234375	
410.17	6.60493469238281	4.335546875	1.5234375	
410.696	5.75996398925781	4.3369140625	1.328125	
411.224	7.11589050292969	4.3373046875	1.640625	
411.752	5.25078582763672	4.3361328125	1.2109375	
412.28	6.4361572265625	4.3359375	1.484375	
412.808	6.09906005859375	4.337109375	1.40625	
413.337	7.45541381835938	4.3376953125	1.71875	
413.863	6.43876647949219	4.3376953125	1.484375	
414.391	6.10317993164063	4.3400390625	1.40625	
414.92	7.4537353515625	4.33671875	1.71875	
415.453	6.78009033203125	4.3392578125	1.5625	
415.977	6.95209503173828	4.3408203125	1.6015625	
416.503	5.08438110351563	4.338671875	1.171875	
417.032	8.64694976806641	4.3404296875	1.9921875	
417.56	7.29384613037109	4.3423828125	1.6796875	
418.091	5.08735656738281	4.3412109375	1.171875	
418.615	6.7816162109375	4.340234375	1.5625	
419.143	5.93551635742188	4.34140625	1.3671875	
419.672	4.91844177246094	4.341796875	1.1328125	
420.206	5.59735107421875	4.3421875	1.2890625	
420.728	8.6473388671875	4.340625	1.9921875	
421.255	6.10675048828125	4.342578125	1.40625	
421.783	5.93765258789063	4.34296875	1.3671875	
422.311	6.27892303466797	4.3443359375	1.4453125	
422.839	5.60238647460938	4.34609375	1.2890625	
423.367	5.94032287597656	4.344921875	1.3671875	
423.896	7.46884155273438	4.3455078125	1.71875	
424.423	7.12870788574219	4.3451171875	1.640625	
424.951	7.29909515380859	4.3455078125	1.6796875	
425.479	8.6597900390625	4.346875	1.9921875	
426.007	5.94406127929688	4.34765625	1.3671875	
426.535	7.63858795166016	4.3455078125	1.7578125	
427.063	6.28400421142578	4.3478515625	1.4453125	
427.591	6.28174591064453	4.3462890625	1.4453125	
428.119	7.13255310058594	4.3474609375	1.640625	
428.647	5.60364532470703	4.3470703125	1.2890625	
429.177	6.62129974365234	4.3462890625	1.5234375	
429.704	4.75631713867188	4.3486328125	1.09375	
430.232	5.94753265380859	4.3501953125	1.3671875	
430.757	5.09765625	4.35	1.171875	
431.283	7.13575744628906	4.3494140625	1.640625	
431.811	6.11691284179688	4.3498046875	1.40625	
432.34	6.96398162841797	4.3482421875	1.6015625	
432.867	5.77708435058594	4.3498046875	1.328125	
433.395	5.43701171875	4.349609375	1.25	
433.923	5.43701171875	4.349609375	1.25	
434.452	6.96617126464844	4.349609375	1.6015625	
434.979	6.45761108398438	4.350390625	1.484375	
435.508	7.30762481689453	4.3505859375	1.6796875	
436.035	5.436279296875	4.3490234375	1.25	
436.563	6.96867370605469	4.351171875	1.6015625	
437.091	6.79656982421875	4.3498046875	1.5625	
437.619	5.60792541503906	4.350390625	1.2890625	
438.147	4.75823974609375	4.350390625	1.09375	
438.675	5.7752685546875	4.3484375	1.328125	
439.203	5.77993774414063	4.351953125	1.328125	
439.731	5.26852416992188	4.35078125	1.2109375	
440.261	5.60868072509766	4.3509765625	1.2890625	
440.787	5.60918426513672	4.3513671875	1.2890625	
441.315	4.59036254882813	4.35234375	1.0546875	
441.843	5.10086059570313	4.352734375	1.171875	
442.372	6.96836090087891	4.3509765625	1.6015625	
442.901	5.09971618652344	4.3517578125	1.171875	
443.425	4.587890625	4.35	1.0546875	
443.951	6.45819091796875	4.35078125	1.484375	
444.481	4.07904052734375	4.3509765625	0.9375	
445.007	4.24976348876953	4.3517578125	0.9765625	
445.535	5.60641479492188	4.34921875	1.2890625	
446.065	5.60792541503906	4.350390625	1.2890625	
446.593	4.92751312255859	4.3498046875	1.1328125	
447.12	5.26663208007813	4.34921875	1.2109375	
447.647	5.60893249511719	4.351171875	1.2890625	
448.175	5.60968780517578	4.3517578125	1.2890625	
448.703	4.58953857421875	4.3515625	1.0546875	
449.231	5.43896484375	4.351171875	1.25	
449.76	6.12020874023438	4.3521484375	1.40625	
450.288	6.12158203125	4.353125	1.40625	
450.815	6.12075805664063	4.3525390625	1.40625	
451.345	4.76165771484375	4.353515625	1.09375	
451.871	5.10223388671875	4.35390625	1.171875	
452.4	3.57156372070313	4.35390625	0.8203125	
452.928	6.46138000488281	4.3529296875	1.484375	
453.457	3.06257629394531	4.3556640625	0.703125	
453.985	4.92994689941406	4.351953125	1.1328125	
454.511	5.78642272949219	4.3568359375	1.328125	
455.041	5.78305053710938	4.354296875	1.328125	
455.566	5.95474243164063	4.35546875	1.3671875	
456.099	4.76422119140625	4.355859375	1.09375	
456.627	4.42193603515625	4.35390625	1.015625	
457.154	3.91065979003906	4.352734375	0.8984375	
457.683	5.94860076904297	4.3509765625	1.3671875	
458.21	5.27159881591797	4.3533203125	1.2109375	
458.739	7.4832763671875	4.35390625	1.71875	
459.267	4.759521484375	4.3515625	1.09375	
459.795	3.40087890625	4.353125	0.78125	
460.322	5.6114501953125	4.353125	1.2890625	
460.851	5.78201293945313	4.353515625	1.328125	
461.379	5.78305053710938	4.354296875	1.328125	
461.907	2.89152526855469	4.354296875	0.6640625	
462.438	4.25243377685547	4.3544921875	0.9765625	
462.963	4.42213439941406	4.3541015625	1.015625	
463.491	4.42054748535156	4.3525390625	1.015625	
464.019	3.74197387695313	4.354296875	0.859375	
464.546	3.91083526611328	4.3529296875	0.8984375	
465.074	6.1226806640625	4.35390625	1.40625	
465.603	5.95127105712891	4.3529296875	1.3671875	
466.131	5.95527648925781	4.355859375	1.3671875	
466.658	5.442626953125	4.3541015625	1.25	
467.186	4.25167083740234	4.3537109375	0.9765625	
467.714	4.42391967773438	4.355859375	1.015625	
468.243	5.78486633300781	4.3556640625	1.328125	
468.77	3.91171264648438	4.35390625	0.8984375	
469.298	5.10154724121094	4.3533203125	1.171875	
469.826	5.78538513183594	4.3560546875	1.328125	
470.355	6.29444885253906	4.355078125	1.4453125	
470.882	6.46804809570313	4.357421875	1.484375	
471.41	5.441650390625	4.3533203125	1.25	
471.938	5.1031494140625	4.3546875	1.171875	
472.466	5.95661163330078	4.3568359375	1.3671875	
473.247	5.95260620117188	4.35390625	1.3671875	
473.525	4.25243377685547	4.3544921875	0.9765625	
474.05	3.233154296875	4.35625	0.7421875	
474.578	5.78564453125	4.35625	1.328125	
475.106	5.78486633300781	4.3556640625	1.328125	
475.634	5.1031494140625	4.3546875	1.171875	
476.162	4.42292785644531	4.3548828125	1.015625	
476.69	5.10772705078125	4.35859375	1.171875	
477.218	5.61346435546875	4.3546875	1.2890625	
477.746	4.25472259521484	4.3568359375	0.9765625	
478.274	3.40316772460938	4.3560546875	0.78125	
478.802	4.25281524658203	4.3548828125	0.9765625	
479.33	5.27396392822266	4.3552734375	1.2109375	
479.859	2.72265625	4.35625	0.625	
480.382	4.42352294921875	4.35546875	1.015625	
480.909	4.59571838378906	4.357421875	1.0546875	
481.437	4.93437194824219	4.355859375	1.1328125	
481.965	3.0640869140625	4.3578125	0.703125	
482.493	3.06271362304688	4.355859375	0.703125	
483.022	4.59365844726563	4.35546875	1.0546875	
483.55	5.78564453125	4.35625	1.328125	
484.077	4.25491333007813	4.35703125	0.9765625	
484.608	2.55294799804688	4.35703125	0.5859375	
485.134	3.74465942382813	4.357421875	0.859375	
485.661	4.59571838378906	4.357421875	1.0546875	
486.19	4.59324645996094	4.355078125	1.0546875	
486.718	5.27396392822266	4.3552734375	1.2109375	
487.246	5.95420837402344	4.355078125	1.3671875	
487.774	6.8084716796875	4.357421875	1.5625	
488.301	5.27396392822266	4.3552734375	1.2109375	
488.83	4.93348693847656	4.355078125	1.1328125	
489.358	4.59365844726563	4.35546875	1.0546875	
489.885	2.2105712890625	4.353125	0.5078125	
490.413	5.27230834960938	4.35390625	1.2109375	
490.942	4.59510040283203	4.3568359375	1.0546875	
491.47	5.61371612548828	4.3548828125	1.2890625	
491.997	6.46051025390625	4.35234375	1.484375	
492.526	4.42074584960938	4.352734375	1.015625	
493.053	4.42233276367188	4.354296875	1.015625	
493.582	4.25071716308594	4.352734375	0.9765625	
494.11	3.91013336181641	4.3521484375	0.8984375	
494.637	5.95260620117188	4.35390625	1.3671875	
495.165	4.25148010253906	4.353515625	0.9765625	
495.696	4.42153930664063	4.353515625	1.015625	
496.221	2.89139556884766	4.3541015625	0.6640625	
496.749	4.7603759765625	4.35234375	1.09375	
497.278	3.91311645507813	4.35546875	0.8984375	
497.806	5.10040283203125	4.35234375	1.171875	
498.333	5.95260620117188	4.35390625	1.3671875	
498.861	4.59139251708984	4.3533203125	1.0546875	
499.389	4.4227294921875	4.3546875	1.015625	
499.917	6.29190826416016	4.3533203125	1.4453125	
500.445	4.59201049804688	4.35390625	1.0546875	
500.973	5.10269165039063	4.354296875	1.171875	
501.501	4.08013916015625	4.3521484375	0.9375	
502.029	5.44091796875	4.352734375	1.25	
502.557	3.06230163574219	4.3552734375	0.703125	
503.086	5.440673828125	4.3525390625	1.25	
503.613	4.93215942382813	4.35390625	1.1328125	
504.141	5.27467346191406	4.355859375	1.2109375	
504.669	1.87023162841797	4.3525390625	0.4296875	
505.197	3.4014892578125	4.35390625	0.78125	
505.725	4.59324645996094	4.355078125	1.0546875	
506.253	4.08251953125	4.3546875	0.9375	
506.783	6.12432861328125	4.355078125	1.40625	
507.309	4.25243377685547	4.3544921875	0.9765625	
507.839	5.95073699951172	4.3525390625	1.3671875	
508.365	4.934814453125	4.35625	1.1328125	
508.893	3.91065979003906	4.352734375	0.8984375	
509.421	3.23097991943359	4.3533203125	0.7421875	
509.949	6.63260650634766	4.3537109375	1.5234375	
510.476	5.101318359375	4.353125	1.171875	
511.005	3.91153717041016	4.3537109375	0.8984375	
511.534	6.12130737304688	4.3529296875	1.40625	
512.061	4.76272583007813	4.3544921875	1.09375	
512.589	4.93370819091797	4.3552734375	1.1328125	
513.116	4.42094421386719	4.3529296875	1.015625	
513.645	5.61447143554688	4.35546875	1.2890625	
514.173	4.42173767089844	4.3537109375	1.015625	
514.7	3.4014892578125	4.35390625	0.78125	
515.228	4.07958984375	4.3515625	0.9375	
515.76	5.0994873046875	4.3515625	1.171875	
516.288	3.74147033691406	4.3537109375	0.859375	
516.816	5.78408813476563	4.355078125	1.328125	
517.344	2.7203369140625	4.3525390625	0.625	
517.871	4.0810546875	4.353125	0.9375	
518.4	4.41935729980469	4.3513671875	1.015625	
518.928	4.92928314208984	4.3513671875	1.1328125	
519.455	3.06024169921875	4.35234375	0.703125	
519.984	5.27017974853516	4.3521484375	1.2109375	
520.512	3.73928833007813	4.351171875	0.859375	
521.038	5.4404296875	4.35234375	1.25	
521.563	3.39889526367188	4.3505859375	0.78125	
522.091	4.42193603515625	4.35390625	1.015625	
522.621	2.88906097412109	4.3505859375	0.6640625	
523.148	4.76016235351563	4.3521484375	1.09375	
523.676	4.58727264404297	4.3494140625	1.0546875	
524.204	3.56916046142578	4.3509765625	0.8203125	
524.731	3.73660278320313	4.348046875	0.859375	
525.259	3.90785217285156	4.349609375	0.8984375	
525.787	2.88893127441406	4.350390625	0.6640625	
526.315	5.77630615234375	4.34921875	1.328125	
526.843	3.05900573730469	4.3505859375	0.703125	
527.372	3.39950561523438	4.3513671875	0.78125	
527.899	4.24861907958984	4.3505859375	0.9765625	
528.427	2.719482421875	4.351171875	0.625	
528.958	3.90785217285156	4.349609375	0.8984375	
529.483	2.37944030761719	4.3509765625	0.546875	
530.011	5.43505859375	4.348046875	1.25	
530.54	4.75588989257813	4.3482421875	1.09375	
531.067	6.9617919921875	4.346875	1.6015625	
531.595	3.73576354980469	4.3470703125	0.859375	
532.123	3.39614868164063	4.3470703125	0.78125	
532.651	2.88685607910156	4.347265625	0.6640625	
533.179	4.41697692871094	4.3490234375	1.015625	
533.707	3.73609924316406	4.3474609375	0.859375	
534.235	3.73794555664063	4.349609375	0.859375	
534.764	4.07684326171875	4.3486328125	0.9375	
535.291	3.56803894042969	4.349609375	0.8203125	
535.82	3.73576354980469	4.3470703125	0.859375	
536.347	3.90767669677734	4.3494140625	0.8984375	
536.875	3.56755828857422	4.3490234375	0.8203125	
537.403	5.94379425048828	4.3474609375	1.3671875	
537.932	3.90697479248047	4.3486328125	0.8984375	
538.457	4.078125	4.35	0.9375	
538.984	4.24900054931641	4.3509765625	0.9765625	
539.511	2.20819091796875	4.3484375	0.5078125	
540.041	5.77474975585938	4.348046875	1.328125	
540.567	2.37879943847656	4.3498046875	0.546875	
541.095	3.90732574462891	4.3490234375	0.8984375	
541.626	3.73677062988281	4.3482421875	0.859375	
542.152	4.41499328613281	4.3470703125	1.015625	
542.679	3.90732574462891	4.3490234375	0.8984375	
543.207	4.92684936523438	4.34921875	1.1328125	
543.735	3.05873107910156	4.3501953125	0.703125	
544.263	3.22866058349609	4.3501953125	0.7421875	
544.791	3.908203125	4.35	0.8984375	
545.315	4.41816711425781	4.3501953125	1.015625	
545.843	5.77812194824219	4.3505859375	1.328125	
546.372	3.7396240234375	4.3515625	0.859375	
546.899	3.73995971679688	4.351953125	0.859375	
547.427	4.25052642822266	4.3525390625	0.9765625	
547.955	2.54848480224609	4.3494140625	0.5859375	
548.483	3.73912048339844	4.3509765625	0.859375	
549.011	5.94699859619141	4.3498046875	1.3671875	
549.539	2.88893127441406	4.350390625	0.6640625	
550.067	6.12350463867188	4.3544921875	1.40625	
550.594	4.08197021484375	4.3541015625	0.9375	
551.125	4.08087158203125	4.3529296875	0.9375	
551.651	3.91153717041016	4.3537109375	0.8984375	
552.179	5.95500946044922	4.3556640625	1.3671875	
552.707	3.91048431396484	4.3525390625	0.8984375	
553.235	5.78590393066406	4.3564453125	1.328125	
553.763	3.06134033203125	4.35390625	0.703125	
554.291	4.0828857421875	4.355078125	0.9375	
554.819	4.25472259521484	4.3568359375	0.9765625	
555.347	4.42332458496094	4.3552734375	1.015625	
555.874	4.59283447265625	4.3546875	1.0546875	
556.403	5.444091796875	4.3552734375	1.25	
556.936	2.04190063476563	4.3560546875	0.46875	
557.459	3.57124328613281	4.353515625	0.8203125	
557.987	3.74298095703125	4.35546875	0.859375	
558.516	4.083251953125	4.35546875	0.9375	
559.042	2.89360046386719	4.357421875	0.6640625	
559.57	3.06202697753906	4.3548828125	0.703125	
560.098	2.55146026611328	4.3544921875	0.5859375	
560.627	3.23257446289063	4.35546875	0.7421875	
561.155	2.720947265625	4.353515625	0.625	
561.682	2.21126556396484	4.3544921875	0.5078125	
562.213	3.740966796875	4.353125	0.859375	
562.738	4.59159851074219	4.353515625	1.0546875	
563.267	3.57252502441406	4.355078125	0.8203125	
563.795	4.59386444091797	4.3556640625	1.0546875	
564.323	2.04171752929688	4.3556640625	0.46875	
564.851	4.0806884765625	4.352734375	0.9375	
565.378	3.57204437255859	4.3544921875	0.8203125	
565.906	3.74079895019531	4.3529296875	0.859375	
566.434	1.70036315917969	4.3529296875	0.390625	
566.962	2.89165496826172	4.3544921875	0.6640625	
567.49	4.08306884765625	4.3552734375	0.9375	
568.018	4.42213439941406	4.3541015625	1.015625	
568.547	4.081787109375	4.35390625	0.9375	
569.075	1.87123870849609	4.3548828125	0.4296875	
569.602	4.25052642822266	4.3525390625	0.9765625	
570.13	0.51024627685547	4.3541015625	0.1171875	
570.66	4.42173767089844	4.3537109375	1.015625	
571.186	5.439208984375	4.3513671875	1.25	
571.715	2.21047210693359	4.3529296875	0.5078125	
572.242	4.25472259521484	4.3568359375	0.9765625	
572.77	1.87123870849609	4.3548828125	0.4296875	
573.301	3.57268524169922	4.3552734375	0.8203125	
573.826	3.74331665039063	4.355859375	0.859375	
574.354	3.91241455078125	4.3546875	0.8984375	
574.882	1.36114501953125	4.3556640625	0.3125	
575.41	3.40423583984375	4.357421875	0.78125	
575.941	4.083251953125	4.35546875	0.9375	
576.469	3.57204437255859	4.3544921875	0.8203125	
576.997	4.93614196777344	4.357421875	1.1328125	
577.526	4.59407043457031	4.355859375	1.0546875	
578.058	3.74281311035156	4.3552734375	0.859375	
578.582	5.61270904541016	4.3541015625	1.2890625	
579.11	3.57156372070313	4.35390625	0.8203125	
579.637	2.89191436767578	4.3548828125	0.6640625	
580.165	3.74147033691406	4.3537109375	0.859375	
580.693	3.23155975341797	4.3541015625	0.7421875	
581.222	5.61447143554688	4.35546875	1.2890625	
581.749	4.08197021484375	4.3541015625	0.9375	
582.277	2.21235656738281	4.356640625	0.5078125	
582.805	4.93326568603516	4.3548828125	1.1328125	
583.333	2.7218017578125	4.3548828125	0.625	
583.862	3.91065979003906	4.352734375	0.8984375	
584.392	3.91153717041016	4.3537109375	0.8984375	
584.917	4.59386444091797	4.3556640625	1.0546875	
585.445	4.59221649169922	4.3541015625	1.0546875	
585.973	4.081787109375	4.35390625	0.9375	
586.501	3.91294097900391	4.3552734375	0.8984375	
587.029	3.74147033691406	4.3537109375	0.859375	
587.56	4.25186157226563	4.35390625	0.9765625	
588.085	3.91206359863281	4.354296875	0.8984375	
588.613	1.3607177734375	4.354296875	0.3125	
589.141	3.7396240234375	4.3515625	0.859375	
589.669	4.59221649169922	4.3541015625	1.0546875	
590.198	3.23228454589844	4.355078125	0.7421875	
590.725	3.7423095703125	4.3546875	0.859375	
591.253	2.55054473876953	4.3529296875	0.5859375	
591.778	5.4423828125	4.35390625	1.25	
592.305	1.87056732177734	4.3533203125	0.4296875	
592.833	4.0810546875	4.353125	0.9375	
593.357	3.74247741699219	4.3548828125	0.859375	
593.885	3.2308349609375	4.353125	0.7421875	
594.413	3.22982025146484	4.3517578125	0.7421875	
594.94	4.76101684570313	4.3529296875	1.09375	
595.471	3.91118621826172	4.3533203125	0.8984375	
595.996	3.74046325683594	4.3525390625	0.859375	
596.524	1.70051574707031	4.3533203125	0.390625	
597.053	1.53046417236328	4.3533203125	0.3515625	
597.585	3.74079895019531	4.3529296875	0.859375	
598.109	5.61069488525391	4.3525390625	1.2890625	
598.637	5.441650390625	4.3533203125	1.25	
599.165	3.73979187011719	4.3517578125	0.859375	
599.692	2.72021484375	4.35234375	0.625	
600.221	3.74063110351563	4.352734375	0.859375	
600.748	3.90925598144531	4.351171875	0.8984375	
601.276	3.23011016845703	4.3521484375	0.7421875	
601.805	2.2105712890625	4.353125	0.5078125	
602.333	3.05831909179688	4.349609375	0.703125	
602.87	2.37965393066406	4.3513671875	0.546875	
603.389	0.67965698242188	4.3498046875	0.15625	
603.917	2.88957977294922	4.3513671875	0.6640625	
604.444	3.56884002685547	4.3505859375	0.8203125	
604.972	2.88996887207031	4.351953125	0.6640625	
605.5	3.39996337890625	4.351953125	0.78125	
606.028	2.03897094726563	4.3498046875	0.46875	
606.559	2.720947265625	4.353515625	0.625	
607.084	3.90925598144531	4.351171875	0.8984375	
607.613	2.37933349609375	4.35078125	0.546875	
608.14	4.07958984375	4.3515625	0.9375	
608.668	5.61044311523438	4.35234375	1.2890625	
609.196	2.5506591796875	4.353125	0.5859375	
609.725	2.89100646972656	4.353515625	0.6640625	
610.252	2.55008697509766	4.3521484375	0.5859375	
610.777	2.208984375	4.35	0.5078125	
611.304	3.56964111328125	4.3515625	0.8203125	
611.832	2.21076965332031	4.353515625	0.5078125	
612.36	2.8907470703125	4.353125	0.6640625	
612.888	2.54951477050781	4.351171875	0.5859375	
613.416	2.7200927734375	4.3521484375	0.625	
613.944	2.38018798828125	4.35234375	0.546875	
614.472	3.74113464355469	4.3533203125	0.859375	
615	3.06051635742188	4.352734375	0.703125	
615.528	2.88957977294922	4.3513671875	0.6640625	
616.056	2.0408935546875	4.35390625	0.46875	
616.584	2.7210693359375	4.3537109375	0.625	
617.112	3.06024169921875	4.35234375	0.703125	
617.642	4.08050537109375	4.3525390625	0.9375	
618.169	1.70036315917969	4.3529296875	0.390625	
618.696	2.03952026367188	4.3509765625	0.46875	
619.225	2.38072204589844	4.3533203125	0.546875	
619.753	0.33999633789063	4.351953125	0.078125	
620.28	2.04025268554688	4.3525390625	0.46875	
620.808	2.03997802734375	4.351953125	0.46875	
621.336	2.88957977294922	4.3513671875	0.6640625	
621.864	1.69998168945313	4.351953125	0.390625	
622.392	2.88945007324219	4.351171875	0.6640625	
622.92	4.24880981445313	4.35078125	0.9765625	
623.448	2.38093566894531	4.3537109375	0.546875	
623.976	2.54985809326172	4.3517578125	0.5859375	
624.504	1.01966857910156	4.3505859375	0.234375	
625.032	3.06065368652344	4.3529296875	0.703125	
625.56	2.7210693359375	4.3537109375	0.625	
626.088	1.69960021972656	4.3509765625	0.390625	
626.616	2.55008697509766	4.3521484375	0.5859375	
627.144	3.57012176513672	4.3521484375	0.8203125	
627.672	3.74147033691406	4.3537109375	0.859375	
628.197	4.0810546875	4.353125	0.9375	
628.726	2.38018798828125	4.35234375	0.546875	
629.252	3.40042114257813	4.3525390625	0.78125	
629.78	1.19025421142578	4.3529296875	0.2734375	
630.308	3.57156372070313	4.35390625	0.8203125	
630.835	3.39981079101563	4.3517578125	0.78125	
631.364	3.74264526367188	4.355078125	0.859375	
631.892	3.22967529296875	4.3515625	0.7421875	
632.42	2.7203369140625	4.3525390625	0.625	
632.949	1.86981201171875	4.3515625	0.4296875	
633.475	2.89087677001953	4.3533203125	0.6640625	
634.003	4.25186157226563	4.35390625	0.9765625	
634.532	2.55157470703125	4.3546875	0.5859375	
635.06	1.69998168945313	4.351953125	0.390625	
635.588	3.74079895019531	4.3529296875	0.859375	
636.119	2.21067047119141	4.3533203125	0.5078125	
636.647	3.399658203125	4.3515625	0.78125	
637.175	3.57076263427734	4.3529296875	0.8203125	
637.703	2.04153442382813	4.3552734375	0.46875	
638.231	1.70089721679688	4.354296875	0.390625	
638.759	2.720947265625	4.353515625	0.625	
639.287	4.25243377685547	4.3544921875	0.9765625	
639.817	2.89035797119141	4.3525390625	0.6640625	
640.343	1.87107086181641	4.3544921875	0.4296875	
640.868	1.3603515625	4.353125	0.3125	
641.395	0.68026733398438	4.3537109375	0.15625	
641.922	3.23040008544922	4.3525390625	0.7421875	
642.451	3.40042114257813	4.3525390625	0.78125	
642.978	2.38029479980469	4.3525390625	0.546875	
643.507	2.37986755371094	4.3517578125	0.546875	
644.037	1.69906616210938	4.349609375	0.390625	
644.563	2.719970703125	4.351953125	0.625	
645.09	1.18972015380859	4.3509765625	0.2734375	
645.618	3.3990478515625	4.35078125	0.78125	
646.146	2.88932037353516	4.3509765625	0.6640625	
646.674	0.67965698242188	4.3498046875	0.15625	
647.202	4.24919128417969	4.351171875	0.9765625	
647.73	3.23011016845703	4.3521484375	0.7421875	
648.256	2.0390625	4.35	0.46875	
648.783	2.03768920898438	4.3470703125	0.46875	
649.31	0.16991424560547	4.3498046875	0.0390625	
649.838	3.73811340332031	4.3498046875	0.859375	
650.366	2.88763427734375	4.3484375	0.6640625	
650.897	3.05790710449219	4.3490234375	0.703125	
651.422	3.56595611572266	4.3470703125	0.8203125	
651.95	3.22750091552734	4.3486328125	0.7421875	
652.478	3.3966064453125	4.34765625	0.78125	
653.006	1.52888488769531	4.348828125	0.3515625	
653.535	2.7181396484375	4.3490234375	0.625	
654.062	2.88919067382813	4.35078125	0.6640625	
654.59	2.717041015625	4.347265625	0.625	
655.119	2.20838928222656	4.348828125	0.5078125	
655.646	0.16983795166016	4.3478515625	0.0390625	
656.174	2.54825592041016	4.3490234375	0.5859375	
656.702	2.88802337646484	4.3490234375	0.6640625	
657.23	4.07611083984375	4.3478515625	0.9375	
657.759	3.22706604003906	4.348046875	0.7421875	
658.286	3.22706604003906	4.348046875	0.7421875	
658.814	0.84941864013672	4.3490234375	0.1953125	
659.34	2.7177734375	4.3484375	0.625	
659.866	0.16983032226563	4.34765625	0.0390625	
660.394	2.37858581542969	4.3494140625	0.546875	
660.922	2.37677001953125	4.34609375	0.546875	
661.447	4.0751953125	4.346875	0.9375	
661.977	3.22547149658203	4.3458984375	0.7421875	
662.502	2.37677001953125	4.34609375	0.546875	
663.03	2.7178955078125	4.3486328125	0.625	
663.558	2.54745483398438	4.34765625	0.5859375	
664.086	0.33967590332031	4.3478515625	0.078125	
664.614	0.67910766601563	4.3462890625	0.15625	
665.142	2.20819091796875	4.3484375	0.5078125	
665.67	2.54859924316406	4.349609375	0.5859375	
666.198	2.20838928222656	4.348828125	0.5078125	
666.726	0.16982269287109	4.3474609375	0.0390625	
667.254	2.54756927490234	4.3478515625	0.5859375	
667.782	2.37773132324219	4.3478515625	0.546875	
668.31	1.52840423583984	4.3474609375	0.3515625	
668.838	3.73727416992188	4.348828125	0.859375	
669.366	1.35858154296875	4.3474609375	0.3125	
669.894	1.69815063476563	4.347265625	0.390625	
670.422	0.50953674316406	4.348046875	0.1171875	
670.95	2.3780517578125	4.3484375	0.546875	
671.478	2.03677368164063	4.3451171875	0.46875	
672.005	3.73660278320313	4.348046875	0.859375	
672.534	1.35931396484375	4.3498046875	0.3125	
673.064	1.69845581054688	4.348046875	0.390625	
673.59	1.86897277832031	4.349609375	0.4296875	
674.119	0.679443359375	4.3484375	0.15625	
674.645	1.69944763183594	4.3505859375	0.390625	
675.174	2.03924560546875	4.350390625	0.46875	
675.702	0.50988006591797	4.3509765625	0.1171875	
676.23	0.67926025390625	4.347265625	0.15625	
676.758	2.37837219238281	4.3490234375	0.546875	
677.283	0	4.3484375	0	
677.809	0.84934234619141	4.3486328125	0.1953125	
678.338	0.6795654296875	4.34921875	0.15625	
678.865	2.03860473632813	4.3490234375	0.46875	
679.393	1.01962280273438	4.350390625	0.234375	
679.922	2.88815307617188	4.34921875	0.6640625	
680.45	1.52888488769531	4.348828125	0.3515625	
680.977	0.67953491210938	4.3490234375	0.15625	
681.506	0.84941864013672	4.3490234375	0.1953125	
682.033	0.50951385498047	4.3478515625	0.1171875	
682.562	2.03823852539063	4.3482421875	0.46875	
683.086	0	4.34765625	0	
683.611	3.05859375	4.35	0.703125	
684.138	0.67922973632813	4.3470703125	0.15625	
684.668	1.01921081542969	4.3486328125	0.234375	
685.194	-0.67950439453125	4.348828125	-0.15625	
685.722	0.67941284179688	4.3482421875	0.15625	
686.25	1.52874755859375	4.3484375	0.3515625	
686.778	0.16986083984375	4.3484375	0.0390625	
687.305	1.359130859375	4.34921875	0.3125	
687.833	1.86846923828125	4.3484375	0.4296875	
688.361	3.56819915771484	4.3498046875	0.8203125	
688.89	1.86804962158203	4.3474609375	0.4296875	
689.417	1.18875885009766	4.3474609375	0.2734375	
689.946	1.18843841552734	4.3462890625	0.2734375	
690.473	-0.33964538574219	4.3474609375	-0.078125	
691.001	-0.679443359375	4.3484375	-0.15625	
691.529	0.33963012695313	4.347265625	0.078125	
692.057	2.03732299804688	4.3462890625	0.46875	
692.586	1.18854522705078	4.3466796875	0.2734375	
693.113	0.16973876953125	4.3453125	0.0390625	
693.641	2.54631042480469	4.345703125	0.5859375	
694.166	0	4.34765625	0	
694.693	0.50930786132813	4.34609375	0.1171875	
695.221	2.7152099609375	4.3443359375	0.625	
695.756	2.71533203125	4.34453125	0.625	
696.28	0.67877197265625	4.344140625	0.15625	
696.808	2.03659057617188	4.3447265625	0.46875	
697.336	0.16973114013672	4.3451171875	0.0390625	
697.865	0.33955383300781	4.3462890625	0.078125	
698.392	2.03659057617188	4.3447265625	0.46875	
698.92	3.73223876953125	4.34296875	0.859375	
699.448	2.20531463623047	4.3427734375	0.5078125	
699.976	1.86721038818359	4.3455078125	0.4296875	
700.504	1.18742370605469	4.342578125	0.2734375	
701.033	0.33932495117188	4.343359375	0.078125	
701.561	3.22170257568359	4.3408203125	0.7421875	
702.088	2.37623596191406	4.3451171875	0.546875	
702.613	0	4.3435546875	0	
703.14	3.05296325683594	4.3419921875	0.703125	
703.668	1.69593811035156	4.3416015625	0.390625	
704.197	0.50901031494141	4.3435546875	0.1171875	
704.725	1.01797485351563	4.343359375	0.234375	
705.252	2.7132568359375	4.3412109375	0.625	
705.78	1.86595153808594	4.342578125	0.4296875	
706.308	2.712646484375	4.340234375	0.625	
706.838	2.54470825195313	4.34296875	0.5859375	
707.366	2.54482269287109	4.3431640625	0.5859375	
707.892	1.69631958007813	4.342578125	0.390625	
708.421	0.33924865722656	4.3423828125	0.078125	
708.948	0.84793090820313	4.34140625	0.1953125	
709.476	2.54310607910156	4.340234375	0.5859375	
710.004	1.35626220703125	4.3400390625	0.3125	
710.532	0.84804534912109	4.3419921875	0.1953125	
711.06	1.52620697021484	4.3412109375	0.3515625	
711.588	2.7108154296875	4.3373046875	0.625	
712.116	2.03558349609375	4.342578125	0.46875	
712.643	2.03475952148438	4.3408203125	0.46875	
713.171	3.89995574951172	4.3408203125	0.8984375	
713.7	1.86477661132813	4.33984375	0.4296875	
714.228	0.67828369140625	4.341015625	0.15625	
714.756	2.37356567382813	4.340234375	0.546875	
715.284	1.69578552246094	4.3412109375	0.390625	
715.812	-0.50841522216797	4.3384765625	-0.1171875	
716.34	2.20323181152344	4.338671875	0.5078125	
716.868	1.18587493896484	4.3369140625	0.2734375	
717.396	-0.84770202636719	4.340234375	-0.1953125	
717.926	2.54276275634766	4.3396484375	0.5859375	
718.451	2.03402709960938	4.3392578125	0.46875	
718.977	0	4.33671875	0	
719.503	1.35552978515625	4.3376953125	0.3125	
720.032	2.37239074707031	4.3380859375	0.546875	
720.561	1.86376953125	4.3375	0.4296875	
721.087	-0.33891296386719	4.3380859375	-0.078125	
721.615	0.33889770507813	4.337890625	0.078125	
722.143	1.69502258300781	4.3392578125	0.390625	
722.671	2.37228393554688	4.337890625	0.546875	
723.199	1.86410522460938	4.33828125	0.4296875	
723.727	1.01687622070313	4.338671875	0.234375	
724.256	0.84743499755859	4.3388671875	0.1953125	
724.784	0.84754943847656	4.339453125	0.1953125	
725.311	0.84678649902344	4.335546875	0.1953125	
725.839	1.86452484130859	4.3392578125	0.4296875	
726.367	1.35577392578125	4.3384765625	0.3125	
726.895	1.69448852539063	4.337890625	0.390625	
727.423	2.7103271484375	4.3365234375	0.625	
727.952	1.69380187988281	4.3361328125	0.390625	
728.479	4.40428161621094	4.3365234375	1.015625	
729.01	0.84671020507813	4.33515625	0.1953125	
729.532	0	4.337109375	0	
730.059	1.52421569824219	4.335546875	0.3515625	
730.588	1.52442169189453	4.3361328125	0.3515625	
731.115	1.35491943359375	4.3357421875	0.3125	
731.643	-0.50820922851563	4.33671875	-0.1171875	
732.171	-0.16937255859375	4.3359375	-0.0390625	
732.699	2.37057495117188	4.334765625	0.546875	
733.228	1.69319152832031	4.3345703125	0.390625	
733.755	3.55602264404297	4.3349609375	0.8203125	
734.283	0.84674835205078	4.3353515625	0.1953125	
734.811	0.84671020507813	4.33515625	0.1953125	
735.34	0.50809478759766	4.3357421875	0.1171875	
735.867	0.84644317626953	4.3337890625	0.1953125	
736.395	1.69380187988281	4.3361328125	0.390625	
736.923	0.677490234375	4.3359375	0.15625	
737.451	1.69273376464844	4.3333984375	0.390625	
737.979	1.86318206787109	4.3361328125	0.4296875	
738.508	0.84667205810547	4.3349609375	0.1953125	
739.035	0.67697143554688	4.3326171875	0.15625	
739.563	0.67697143554688	4.3326171875	0.15625	
740.091	2.2010498046875	4.334375	0.5078125	
740.621	1.354248046875	4.33359375	0.3125	
741.147	1.69319152832031	4.3345703125	0.390625	
741.675	0.6773681640625	4.33515625	0.15625	
742.203	1.01596069335938	4.334765625	0.234375	
742.731	0.33843994140625	4.33203125	0.078125	
743.259	2.03045654296875	4.331640625	0.46875	
743.784	0	4.3322265625	0	
744.311	1.3541259765625	4.333203125	0.3125	
744.839	1.86175537109375	4.3328125	0.4296875	
745.367	1.01554870605469	4.3330078125	0.234375	
745.892	0	4.3318359375	0	
746.419	1.69265747070313	4.333203125	0.390625	
746.947	0.50775146484375	4.3328125	0.1171875	
747.475	3.2169189453125	4.334375	0.7421875	
748.003	3.72468566894531	4.3341796875	0.859375	
748.531	-0.16931915283203	4.3345703125	-0.0390625	
749.059	1.86066436767578	4.3302734375	0.4296875	
749.587	0.50754547119141	4.3310546875	0.1171875	
750.115	1.52297973632813	4.33203125	0.3515625	
750.64	3.3837890625	4.33125	0.78125	
751.167	2.53898620605469	4.333203125	0.5859375	
751.697	-0.33847045898438	4.332421875	-0.078125	
752.223	0.84575653076172	4.3302734375	0.1953125	
752.747	0	4.3302734375	0	
753.274	1.3536376953125	4.331640625	0.3125	
753.803	3.89048004150391	4.3302734375	0.8984375	
754.331	1.86091613769531	4.330859375	0.4296875	
754.859	1.86007690429688	4.32890625	0.4296875	
755.386	0.33827209472656	4.3298828125	0.078125	
755.918	0.16920471191406	4.331640625	0.0390625	
756.446	2.36640930175781	4.3271484375	0.546875	
756.974	0.33811950683594	4.3279296875	0.078125	
757.502	-1.18384552001953	4.3294921875	-0.2734375	
758.03	-0.50695037841797	4.3259765625	-0.1171875	
758.558	1.69075012207031	4.3283203125	0.390625	
759.086	1.01435852050781	4.3279296875	0.234375	
759.614	1.014404296875	4.328125	0.234375	
760.142	1.52194976806641	4.3291015625	0.3515625	
760.67	1.35296630859375	4.3294921875	0.3125	
761.197	1.52167510986328	4.3283203125	0.3515625	
761.725	0.33810424804688	4.327734375	0.078125	
762.253	0.33816528320313	4.328515625	0.078125	
762.784	2.36630249023438	4.326953125	0.546875	
763.309	0.50695037841797	4.3259765625	0.1171875	
763.837	1.18309783935547	4.3267578125	0.2734375	
764.365	1.014404296875	4.328125	0.234375	
764.893	0.67611694335938	4.3271484375	0.15625	
765.421	1.01394653320313	4.326171875	0.234375	
765.949	-0.16907501220703	4.3283203125	-0.0390625	
766.478	0.33793640136719	4.3255859375	0.078125	
767.006	-0.16909027099609	4.3287109375	-0.0390625	
767.534	1.01412963867188	4.326953125	0.234375	
768.061	0.84522247314453	4.3275390625	0.1953125	
768.589	0.84491729736328	4.3259765625	0.1953125	
769.117	0.67620849609375	4.327734375	0.15625	
769.645	-1.35186767578125	4.3259765625	-0.3125	
770.174	0.67608642578125	4.326953125	0.15625	
770.701	-0.3382568359375	4.3296875	-0.078125	
771.229	-0.67581176757813	4.3251953125	-0.15625	
771.757	-0.16901397705078	4.3267578125	-0.0390625	
772.285	-0.16896057128906	4.325390625	-0.0390625	
772.813	0.6763916015625	4.32890625	0.15625	
773.342	1.18315124511719	4.326953125	0.2734375	
773.875	2.02725219726563	4.3248046875	0.46875	
774.397	-0.33798217773438	4.326171875	-0.078125	
774.925	0.33790588378906	4.3251953125	0.078125	
775.453	0.67608642578125	4.326953125	0.15625	
775.981	0.16898345947266	4.3259765625	0.0390625	
776.51	1.69021606445313	4.326953125	0.390625	
777.037	1.18256378173828	4.3248046875	0.2734375	
777.565	3.37997436523438	4.3263671875	0.78125	
778.093	1.52009582519531	4.323828125	0.3515625	
778.621	1.01353454589844	4.3244140625	0.234375	
779.149	1.85856628417969	4.325390625	0.4296875	
779.677	1.35137939453125	4.3244140625	0.3125	
780.205	1.01362609863281	4.3248046875	0.234375	
780.733	1.68930053710938	4.324609375	0.390625	
781.259	2.1962890625	4.325	0.5078125	
781.785	0.50688171386719	4.325390625	0.1171875	
782.313	0.16896057128906	4.325390625	0.0390625	
782.841	2.19668579101563	4.32578125	0.5078125	
783.369	1.01426696777344	4.3275390625	0.234375	
783.897	2.02789306640625	4.326171875	0.46875	
784.425	-1.01339721679688	4.323828125	-0.234375	
784.955	1.01394653320313	4.326171875	0.234375	
785.481	3.21242523193359	4.3283203125	0.7421875	
786.009	0.33807373046875	4.32734375	0.078125	
786.537	1.18320465087891	4.3271484375	0.2734375	
787.065	1.52229309082031	4.330078125	0.3515625	
787.59	0	4.326171875	0	
788.117	1.69021606445313	4.326953125	0.390625	
788.645	2.19797515869141	4.3283203125	0.5078125	
789.173	1.3529052734375	4.329296875	0.3125	
789.7	2.0277099609375	4.32578125	0.46875	
790.229	0.67611694335938	4.3271484375	0.15625	
790.757	1.18379211425781	4.329296875	0.2734375	
791.284	2.53532409667969	4.326953125	0.5859375	
791.812	1.01490783691406	4.3302734375	0.234375	
792.34	-0.33819580078125	4.32890625	-0.078125	
792.868	1.52146911621094	4.327734375	0.3515625	
793.396	-1.35186767578125	4.3259765625	-0.3125	
793.925	1.01431274414063	4.327734375	0.234375	
794.453	1.69036865234375	4.32734375	0.390625	
794.98	0.33808898925781	4.3275390625	0.078125	
795.505	0	4.3251953125	0	
796.033	1.85915374755859	4.3267578125	0.4296875	
796.563	1.35174560546875	4.3255859375	0.3125	
797.088	1.01390075683594	4.3259765625	0.234375	
797.617	-0.67584228515625	4.325390625	-0.15625	
798.144	2.36619567871094	4.3267578125	0.546875	
798.672	0.84510803222656	4.326953125	0.1953125	
799.2	0.84468841552734	4.3248046875	0.1953125	
799.729	2.70361328125	4.32578125	0.625	
800.257	-1.18283081054688	4.32578125	-0.2734375	
800.785	1.69029235839844	4.3271484375	0.390625	
801.312	0.50708770751953	4.3271484375	0.1171875	
801.842	-0.16896057128906	4.325390625	-0.0390625	
802.366	0.8447265625	4.325	0.1953125	
802.892	0.50692749023438	4.32578125	0.1171875	
803.426	0.33790588378906	4.3251953125	0.078125	
803.948	3.04170227050781	4.3259765625	0.703125	
804.476	0.33799743652344	4.3263671875	0.078125	
805.004	0.675537109375	4.3234375	0.15625	
805.532	1.51961517333984	4.3224609375	0.3515625	
806.06	0.84438323974609	4.3232421875	0.1953125	
806.585	3.5478515625	4.325	0.8203125	
807.112	0.84480285644531	4.325390625	0.1953125	
807.64	0.337890625	4.325	0.078125	
808.169	3.88556671142578	4.3248046875	0.8984375	
808.696	1.6900634765625	4.3265625	0.390625	
809.224	1.85915374755859	4.3267578125	0.4296875	
809.749	0	4.328515625	0	
810.276	0.16899871826172	4.3263671875	0.0390625	
810.804	0.67611694335938	4.3271484375	0.15625	
811.332	1.352294921875	4.32734375	0.3125	
811.86	0.84568023681641	4.3298828125	0.1953125	
812.388	1.3531494140625	4.330078125	0.3125	
812.916	1.01467895507813	4.329296875	0.234375	
813.444	1.014404296875	4.328125	0.234375	
813.972	3.04417419433594	4.3294921875	0.703125	
814.5	1.52256774902344	4.330859375	0.3515625	
815.028	0.50770568847656	4.332421875	0.1171875	
815.556	0.67681884765625	4.331640625	0.15625	
816.087	0.67678833007813	4.3314453125	0.15625	
816.615	2.53841400146484	4.3322265625	0.5859375	
817.143	0.84606170654297	4.3318359375	0.1953125	
817.671	2.20005798339844	4.332421875	0.5078125	
818.199	1.18464660644531	4.332421875	0.2734375	
818.729	1.86234283447266	4.3341796875	0.4296875	
819.255	2.37025451660156	4.3341796875	0.546875	
819.783	0.67733764648438	4.3349609375	0.15625	
820.311	0.50804901123047	4.3353515625	0.1171875	
820.839	1.52435302734375	4.3359375	0.3515625	
821.367	0.33863830566406	4.3345703125	0.078125	
821.895	-1.86251068115234	4.3345703125	-0.4296875	
822.423	3.55666351318359	4.3357421875	0.8203125	
822.952	0.677490234375	4.3359375	0.15625	
823.479	1.52469635009766	4.3369140625	0.3515625	
824.007	1.3548583984375	4.335546875	0.3125	
824.535	1.01687622070313	4.338671875	0.234375	
825.063	0.50839233398438	4.33828125	0.1171875	
825.591	2.0335693359375	4.33828125	0.46875	
826.119	1.01687622070313	4.338671875	0.234375	
826.647	1.0169677734375	4.3390625	0.234375	
827.175	1.69486999511719	4.3388671875	0.390625	
827.703	1.52538299560547	4.3388671875	0.3515625	
828.231	1.355712890625	4.33828125	0.3125	
828.757	0.677734375	4.3375	0.15625	
829.28	0	4.3408203125	0	
829.809	2.37281799316406	4.3388671875	0.546875	
830.335	1.69601440429688	4.341796875	0.390625	
830.863	-0.33909606933594	4.3404296875	-0.078125	
831.391	-2.03402709960938	4.3392578125	-0.46875	
831.919	-1.01669311523438	4.337890625	-0.234375	
832.447	1.52572631835938	4.33984375	0.3515625	
832.972	0	4.33828125	0	
833.499	1.52538299560547	4.3388671875	0.3515625	
834.027	1.01715087890625	4.33984375	0.234375	
834.555	2.03521728515625	4.341796875	0.46875	
835.083	2.03512573242188	4.3416015625	0.46875	
835.611	1.69548034667969	4.3404296875	0.390625	
836.139	1.52606964111328	4.3408203125	0.3515625	
836.667	1.01715087890625	4.33984375	0.234375	
837.194	1.69486999511719	4.3388671875	0.390625	
837.722	-0.16963958740234	4.3427734375	-0.0390625	
838.251	0.84781646728516	4.3408203125	0.1953125	
838.779	1.8651123046875	4.340625	0.4296875	
839.306	0.16950225830078	4.3392578125	0.0390625	
839.834	0.67816162109375	4.340234375	0.15625	
840.362	-0.67825317382813	4.3408203125	-0.15625	
840.893	1.69525146484375	4.33984375	0.390625	
841.419	0.67807006835938	4.3396484375	0.15625	
841.946	2.54150390625	4.3375	0.5859375	
842.475	2.03338623046875	4.337890625	0.46875	
843.002	0.67791748046875	4.338671875	0.15625	
843.53	1.52572631835938	4.33984375	0.3515625	
844.058	2.88153839111328	4.3392578125	0.6640625	
844.587	0.84754943847656	4.339453125	0.1953125	
845.114	1.01728820800781	4.3404296875	0.234375	
845.642	-0.50836944580078	4.3380859375	-0.1171875	
846.171	1.86528015136719	4.341015625	0.4296875	
846.698	1.52552032470703	4.3392578125	0.3515625	
847.226	1.01683044433594	4.3384765625	0.234375	
847.754	0.16956329345703	4.3408203125	0.0390625	
848.282	0.84747314453125	4.3390625	0.1953125	
848.81	1.35614013671875	4.3396484375	0.3125	
849.338	2.03375244140625	4.338671875	0.46875	
849.866	-0.84762573242188	4.33984375	-0.1953125	
850.394	0.16950988769531	4.339453125	0.0390625	
850.922	1.18672943115234	4.3400390625	0.2734375	
851.45	0.67819213867188	4.3404296875	0.15625	
851.981	2.54161834716797	4.3376953125	0.5859375	
852.506	1.01641845703125	4.33671875	0.234375	
853.034	-0.33901977539063	4.339453125	-0.078125	
853.562	-1.01669311523438	4.337890625	-0.234375	
854.087	2.033203125	4.3375	0.46875	
854.614	1.35552978515625	4.3376953125	0.3125	
855.139	1.6943359375	4.3375	0.390625	
855.666	0.50818634033203	4.3365234375	0.1171875	
856.194	2.7113037109375	4.3380859375	0.625	
856.722	0.67764282226563	4.3369140625	0.15625	
857.25	1.18576812744141	4.3365234375	0.2734375	
857.778	2.20214080810547	4.3365234375	0.5078125	
858.306	2.20243835449219	4.337109375	0.5078125	
858.834	0.84728240966797	4.3380859375	0.1953125	
859.362	1.86368560791016	4.3373046875	0.4296875	
859.89	0.50823211669922	4.3369140625	0.1171875	
860.418	-0.50811767578125	4.3359375	-0.1171875	
860.946	-0.33871459960938	4.335546875	-0.078125	
861.474	0.67755126953125	4.336328125	0.15625	
862.002	2.37057495117188	4.334765625	0.546875	
862.53	0.67706298828125	4.333203125	0.15625	
863.058	-0.677734375	4.3375	-0.15625	
863.586	1.86267852783203	4.3349609375	0.4296875	
864.111	0	4.3337890625	0	
864.638	0.50809478759766	4.3357421875	0.1171875	
865.163	0	4.3384765625	0	
865.69	2.53875732421875	4.3328125	0.5859375	
866.218	1.01614379882813	4.335546875	0.234375	
866.746	1.86200714111328	4.3333984375	0.4296875	
867.274	2.37004089355469	4.3337890625	0.546875	
867.802	1.18475341796875	4.3328125	0.2734375	
868.33	1.52297973632813	4.33203125	0.3515625	
868.858	0.33857727050781	4.3337890625	0.078125	
869.386	-0.16917419433594	4.330859375	-0.0390625	
869.914	-0.677001953125	4.3328125	-0.15625	
870.441	2.87609100341797	4.3310546875	0.6640625	
870.969	0.16932678222656	4.334765625	0.0390625	
871.498	0.3385009765625	4.3328125	0.078125	
872.026	2.19966125488281	4.331640625	0.5078125	
872.554	0.33853149414063	4.333203125	0.078125	
873.081	2.19936370849609	4.3310546875	0.5078125	
873.61	0.50768280029297	4.3322265625	0.1171875	
874.138	2.87583160400391	4.3306640625	0.6640625	
874.668	1.69174194335938	4.330859375	0.390625	
875.19	0	4.330859375	0	
875.721	1.86007690429688	4.32890625	0.4296875	
876.249	-0.67694091796875	4.332421875	-0.15625	
876.777	0.33828735351563	4.330078125	0.078125	
877.304	2.87648010253906	4.331640625	0.6640625	
877.833	2.19966125488281	4.331640625	0.5078125	
878.361	1.52188110351563	4.32890625	0.3515625	
878.889	-0.16917419433594	4.330859375	-0.0390625	
879.417	0.50749969482422	4.3306640625	0.1171875	
879.945	1.01490783691406	4.3302734375	0.234375	
880.473	2.19956207275391	4.3314453125	0.5078125	
881	1.86041259765625	4.3296875	0.4296875	
881.528	-0.16915130615234	4.3302734375	-0.0390625	
882.054	0	4.330078125	0	
882.581	0.84548950195313	4.32890625	0.1953125	
883.108	0.84583282470703	4.3306640625	0.1953125	
883.637	-0.16913604736328	4.3298828125	-0.0390625	
884.165	0.67654418945313	4.3298828125	0.15625	
884.693	0.84545135498047	4.3287109375	0.1953125	
885.22	1.52222442626953	4.3298828125	0.3515625	
885.751	-0.33819580078125	4.32890625	-0.078125	
886.277	1.52153778076172	4.3279296875	0.3515625	
886.804	-0.16909790039063	4.32890625	-0.0390625	
887.332	0.33819580078125	4.32890625	0.078125	
887.86	1.01412963867188	4.326953125	0.234375	
888.388	0.84522247314453	4.3275390625	0.1953125	
888.916	0.67611694335938	4.3271484375	0.15625	
889.444	2.36576843261719	4.3259765625	0.546875	
889.972	0.84495544433594	4.326171875	0.1953125	
890.498	1.5205078125	4.325	0.3515625	
891.024	0.50715637207031	4.327734375	0.1171875	
891.552	1.352294921875	4.32734375	0.3125	
892.08	0.16907501220703	4.3283203125	0.0390625	
892.608	2.19738006591797	4.3271484375	0.5078125	
893.136	1.18288421630859	4.3259765625	0.2734375	
893.664	0.84487915039063	4.32578125	0.1953125	
894.192	1.52009582519531	4.323828125	0.3515625	
894.718	1.3515625	4.325	0.3125	
895.244	0.67575073242188	4.3248046875	0.15625	
895.772	-1.18251037597656	4.324609375	-0.2734375	
896.3	1.85781097412109	4.3236328125	0.4296875	
896.83	2.53360748291016	4.3240234375	0.5859375	
897.356	1.3519287109375	4.326171875	0.3125	
897.882	0.67578125	4.325	0.15625	
898.408	0.50665283203125	4.3234375	0.1171875	
898.936	2.02651977539063	4.3232421875	0.46875	
899.464	-1.52023315429688	4.32421875	-0.3515625	
899.992	0.16880798339844	4.321484375	0.0390625	
900.52	1.68891906738281	4.3236328125	0.390625	
901.048	1.35107421875	4.3234375	0.3125	
901.576	1.52016448974609	4.3240234375	0.3515625	
902.104	1.01353454589844	4.3244140625	0.234375	
902.632	-0.6756591796875	4.32421875	-0.15625	
903.16	1.52030181884766	4.3244140625	0.3515625	
903.688	-0.6756591796875	4.32421875	-0.15625	
904.216	-0.67559814453125	4.323828125	-0.15625	
904.744	1.68922424316406	4.3244140625	0.390625	
905.272	1.35076904296875	4.3224609375	0.3125	
905.8	0.84445953369141	4.3236328125	0.1953125	
906.328	3.04129028320313	4.325390625	0.703125	
906.856	0.67587280273438	4.3255859375	0.15625	
907.384	2.53303527832031	4.323046875	0.5859375	
907.914	0.16886138916016	4.3228515625	0.0390625	
908.44	1.51947784423828	4.3220703125	0.3515625	
908.968	2.36373901367188	4.322265625	0.546875	
909.496	-0.67529296875	4.321875	-0.15625	
910.024	3.04074096679688	4.324609375	0.703125	
910.552	0.84442138671875	4.3234375	0.1953125	
911.08	0.84457397460938	4.32421875	0.1953125	
911.608	2.0255126953125	4.32109375	0.46875	
912.136	1.01307678222656	4.3224609375	0.234375	
912.664	2.0262451171875	4.32265625	0.46875	
913.191	2.02615356445313	4.3224609375	0.46875	
913.72	1.0133056640625	4.3234375	0.234375	
914.248	1.18181610107422	4.3220703125	0.2734375	
914.775	1.35052490234375	4.3216796875	0.3125	
915.304	1.01303100585938	4.322265625	0.234375	
915.832	0.50640106201172	4.3212890625	0.1171875	
916.36	1.85688781738281	4.321484375	0.4296875	
916.887	0.67514038085938	4.3208984375	0.15625	
917.415	0.6751708984375	4.32109375	0.15625	
917.943	2.36320495605469	4.3212890625	0.546875	
918.472	0.16880035400391	4.3212890625	0.0390625	
919.002	-0.16886901855469	4.323046875	-0.0390625	
919.527	-0.33758544921875	4.32109375	-0.078125	
920.056	1.68724060058594	4.3193359375	0.390625	
920.584	0.67544555664063	4.3228515625	0.15625	
921.113	0.67532348632813	4.3220703125	0.15625	
921.64	0.33767700195313	4.322265625	0.078125	
922.165	0	4.32109375	0	
922.692	1.85630035400391	4.3201171875	0.4296875	
923.22	1.51913452148438	4.32109375	0.3515625	
923.747	0.16873931884766	4.3197265625	0.0390625	
924.278	2.363525390625	4.321875	0.546875	
924.804	1.01261901855469	4.3205078125	0.234375	
925.331	1.68807983398438	4.321484375	0.390625	
925.859	1.51879119873047	4.3201171875	0.3515625	
926.387	0.67507934570313	4.3205078125	0.15625	
926.915	1.51824188232422	4.3185546875	0.3515625	
927.44	0	4.31796875	0	
927.968	1.68800354003906	4.3212890625	0.390625	
928.495	-0.84365844726563	4.31953125	-0.1953125	
929.023	2.02468872070313	4.3193359375	0.46875	
929.548	2.0244140625	4.31875	0.46875	
930.076	-1.01202392578125	4.31796875	-0.234375	
930.606	0.50592041015625	4.3171875	0.1171875	
931.131	0.33743286132813	4.319140625	0.078125	
931.659	-0.33741760253906	4.3189453125	-0.078125	
932.187	1.51755523681641	4.3166015625	0.3515625	
932.715	1.18085479736328	4.3185546875	0.2734375	
933.243	1.18106842041016	4.3193359375	0.2734375	
933.771	2.6971435546875	4.3154296875	0.625	
934.299	0.33740234375	4.31875	0.078125	
934.827	2.36149597167969	4.3181640625	0.546875	
935.355	2.52937316894531	4.316796875	0.5859375	
935.886	0.84316253662109	4.3169921875	0.1953125	
936.414	1.18074798583984	4.3181640625	0.2734375	
936.942	0.33738708496094	4.3185546875	0.078125	
937.47	-0.84323883056641	4.3173828125	-0.1953125	
937.998	0.67465209960938	4.3177734375	0.15625	
938.526	1.18080139160156	4.318359375	0.2734375	
939.056	3.03579711914063	4.317578125	0.703125	
939.582	1.34857177734375	4.3154296875	0.3125	
940.11	1.6864013671875	4.3171875	0.390625	
940.638	1.68586730957031	4.3158203125	0.390625	
941.166	0.67446899414063	4.3166015625	0.15625	
941.697	1.01179504394531	4.3169921875	0.234375	
942.222	-0.50594329833984	4.3173828125	-0.1171875	
942.75	1.34844970703125	4.3150390625	0.3125	
943.278	-1.18053436279297	4.3173828125	-0.2734375	
943.806	1.68617248535156	4.3166015625	0.390625	
944.334	2.35968017578125	4.31484375	0.546875	
944.862	1.85395050048828	4.3146484375	0.4296875	
945.39	0.33726501464844	4.3169921875	0.078125	
945.918	-1.18048095703125	4.3171875	-0.2734375	
946.446	1.85403442382813	4.31484375	0.4296875	
946.974	-0.67428588867188	4.3154296875	-0.15625	
947.504	2.19222259521484	4.3169921875	0.5078125	
948.03	-1.34844970703125	4.3150390625	-0.3125	
948.558	1.685791015625	4.315625	0.390625	
949.083	0	4.3130859375	0	
949.61	1.01174926757813	4.316796875	0.234375	
950.138	1.68556213378906	4.3150390625	0.390625	
950.666	2.02267456054688	4.3150390625	0.46875	
951.194	1.34814453125	4.3140625	0.3125	
951.722	-0.16858673095703	4.3158203125	-0.0390625	
952.25	1.18000030517578	4.3154296875	0.2734375	
952.78	0.16856384277344	4.315234375	0.0390625	
953.306	1.51645660400391	4.3134765625	0.3515625	
953.834	0.50562286376953	4.3146484375	0.1171875	
954.362	-1.0107421875	4.3125	-0.234375	
954.89	0.84259033203125	4.3140625	0.1953125	
955.418	-0.84266662597656	4.314453125	-0.1953125	
955.946	0.50557708740234	4.3142578125	0.1171875	
956.474	0.50580596923828	4.3162109375	0.1171875	
957.002	2.35957336425781	4.3146484375	0.546875	
957.53	0.50564575195313	4.31484375	0.1171875	
958.058	2.52777099609375	4.3140625	0.5859375	
958.586	2.02175903320313	4.3130859375	0.46875	
959.111	0	4.31328125	0	
959.639	1.01097106933594	4.3134765625	0.234375	
960.166	1.51638793945313	4.31328125	0.3515625	
960.693	2.35935974121094	4.3142578125	0.546875	
961.221	0.50527954101563	4.31171875	0.1171875	
961.749	0.50507354736328	4.3099609375	0.1171875	
962.278	-0.16851806640625	4.3140625	-0.0390625	
962.805	1.51563262939453	4.3111328125	0.3515625	
963.333	2.52708435058594	4.312890625	0.5859375	
963.861	0	4.31015625	0	
964.389	1.51597595214844	4.312109375	0.3515625	
964.918	1.34747314453125	4.3119140625	0.3125	
965.445	1.01010131835938	4.309765625	0.234375	
965.973	2.6947021484375	4.3115234375	0.625	
966.501	-0.16841125488281	4.311328125	-0.0390625	
967.03	1.17914581298828	4.3123046875	0.2734375	
967.557	2.18934631347656	4.311328125	0.5078125	
968.085	0.16838836669922	4.3107421875	0.0390625	
968.613	0.84232330322266	4.3126953125	0.1953125	
969.141	2.52559661865234	4.3103515625	0.5859375	
969.669	-0.50523376464844	4.311328125	-0.1171875	
970.197	0.67364501953125	4.311328125	0.15625	
970.725	1.51508331298828	4.3095703125	0.3515625	
971.253	1.17829132080078	4.3091796875	0.2734375	
971.782	1.68304443359375	4.30859375	0.390625	
972.309	-0.16830444335938	4.30859375	-0.0390625	
972.837	-1.345947265625	4.30703125	-0.3125	
973.365	2.01901245117188	4.3072265625	0.46875	
973.893	-1.68289184570313	4.308203125	-0.390625	
974.421	-0.33677673339844	4.3107421875	-0.078125	
974.952	1.85059356689453	4.3068359375	0.4296875	
975.477	0.67288208007813	4.3064453125	0.15625	
976.005	1.34619140625	4.3078125	0.3125	
976.533	0.16828155517578	4.3080078125	0.0390625	
977.061	-2.35562133789063	4.307421875	-0.546875	
977.589	1.51432800292969	4.307421875	0.3515625	
978.114	0	4.30703125	0	
978.641	1.68319702148438	4.308984375	0.390625	
979.169	0.50502777099609	4.3095703125	0.1171875	
979.697	1.68251037597656	4.3072265625	0.390625	
980.225	0.16830444335938	4.30859375	0.0390625	
980.753	1.17807769775391	4.3083984375	0.2734375	
981.281	0.67291259765625	4.306640625	0.15625	
981.809	0.84125518798828	4.3072265625	0.1953125	
982.337	2.01873779296875	4.306640625	0.46875	
982.865	0.50486755371094	4.308203125	0.1171875	
983.393	0.16829681396484	4.3083984375	0.0390625	
983.921	1.17802429199219	4.308203125	0.2734375	
984.449	1.85050964355469	4.306640625	0.4296875	
984.977	-1.85067749023438	4.30703125	-0.4296875	
985.502	0	4.3068359375	0	
986.029	3.02810668945313	4.306640625	0.703125	
986.559	1.85009002685547	4.3056640625	0.4296875	
987.085	1.68296813964844	4.3083984375	0.390625	
987.613	1.17727661132813	4.30546875	0.2734375	
988.141	1.51405334472656	4.306640625	0.3515625	
988.669	1.51453399658203	4.3080078125	0.3515625	
989.197	2.35530090332031	4.3068359375	0.546875	
989.724	1.51364135742188	4.30546875	0.3515625	
990.252	-0.16820526123047	4.3060546875	-0.0390625	
990.782	1.850341796875	4.30625	0.4296875	
991.309	1.00932312011719	4.3064453125	0.234375	
991.836	1.51412200927734	4.3068359375	0.3515625	
992.364	-0.504638671875	4.30625	-0.1171875	
992.893	1.68235778808594	4.3068359375	0.390625	
993.421	-0.33644104003906	4.3064453125	-0.078125	
993.949	0.16825866699219	4.307421875	0.0390625	
994.476	0.504638671875	4.30625	0.1171875	
995.005	0.67306518554688	4.3076171875	0.15625	
995.532	0.33647155761719	4.3068359375	0.078125	
996.064	1.00941467285156	4.3068359375	0.234375	
996.592	1.85025787353516	4.3060546875	0.4296875	
997.123	1.68174743652344	4.3052734375	0.390625	
997.648	0.50457000732422	4.3056640625	0.1171875	
998.176	0.84163665771484	4.3091796875	0.1953125	
998.704	1.17807769775391	4.3083984375	0.2734375	
999.232	3.02659606933594	4.3044921875	0.703125	
999.76	2.18666839599609	4.3060546875	0.5078125	
1000.288	1.51322937011719	4.304296875	0.3515625	